,CellMixSngSCT_noDR
cell_1,3
cell_2,1
cell_3,3
cell_4,3
cell_5,3
cell_6,4
cell_7,4
cell_8,3
cell_9,1
cell_10,1
cell_11,3
cell_12,3
cell_13,3
cell_14,3
cell_15,3
cell_16,3
cell_17,3
cell_18,1
cell_19,3
cell_20,3
cell_21,3
cell_22,4
cell_23,4
cell_24,3
cell_25,3
cell_26,3
cell_27,3
cell_28,3
cell_29,3
cell_30,3
cell_31,1
cell_32,3
cell_33,3
cell_34,3
cell_35,3
cell_36,3
cell_37,3
cell_38,3
cell_39,1
cell_40,3
cell_41,3
cell_42,3
cell_43,3
cell_44,3
cell_45,4
cell_46,3
cell_47,4
cell_48,1
cell_49,1
cell_50,3
cell_51,3
cell_52,3
cell_53,3
cell_54,3
cell_55,3
cell_56,3
cell_57,3
cell_58,1
cell_59,3
cell_60,3
cell_61,1
cell_62,3
cell_63,3
cell_64,4
cell_65,3
cell_66,3
cell_67,3
cell_68,2
cell_69,4
cell_70,3
cell_71,4
cell_72,3
cell_73,3
cell_74,3
cell_75,3
cell_76,3
cell_77,1
cell_78,3
cell_79,4
cell_80,3
cell_81,1
cell_82,3
cell_83,1
cell_84,4
cell_85,4
cell_86,3
cell_87,1
cell_88,4
cell_89,3
cell_90,3
cell_91,2
cell_92,1
cell_93,1
cell_94,4
cell_95,4
cell_96,3
cell_97,3
cell_98,1
cell_99,3
cell_100,1
cell_101,3
cell_102,1
cell_103,3
cell_104,1
cell_105,3
cell_106,1
cell_107,1
cell_108,4
cell_109,1
cell_110,4
cell_111,3
cell_112,3
cell_113,2
cell_114,4
cell_115,3
cell_116,3
cell_117,4
cell_118,1
cell_119,1
cell_120,1
cell_121,3
cell_122,1
cell_123,2
cell_124,3
cell_125,3
cell_126,1
cell_127,3
cell_128,4
cell_129,3
cell_130,1
cell_131,1
cell_132,4
cell_133,3
cell_134,1
cell_135,1
cell_136,1
cell_137,1
cell_138,1
cell_139,0
cell_140,2
cell_141,3
cell_142,3
cell_143,3
cell_144,2
cell_145,3
cell_146,1
cell_147,3
cell_148,1
cell_149,1
cell_150,4
cell_151,1
cell_152,4
cell_153,4
cell_154,1
cell_155,4
cell_156,4
cell_157,1
cell_158,1
cell_159,1
cell_160,3
cell_161,4
cell_162,1
cell_163,1
cell_164,0
cell_165,1
cell_166,3
cell_167,3
cell_168,2
cell_169,3
cell_170,1
cell_171,2
cell_172,3
cell_173,2
cell_174,2
cell_175,4
cell_176,1
cell_177,3
cell_178,1
cell_179,1
cell_180,3
cell_181,3
cell_182,3
cell_183,4
cell_184,3
cell_185,1
cell_186,4
cell_187,3
cell_188,2
cell_189,4
cell_190,1
cell_191,4
cell_192,3
cell_193,3
cell_194,3
cell_195,3
cell_196,1
cell_197,4
cell_198,4
cell_199,3
cell_200,3
cell_201,1
cell_202,4
cell_203,4
cell_204,1
cell_205,1
cell_206,3
cell_207,2
cell_208,4
cell_209,1
cell_210,4
cell_211,3
cell_212,4
cell_213,1
cell_214,3
cell_215,1
cell_216,4
cell_217,1
cell_218,1
cell_219,4
cell_220,4
cell_221,3
cell_222,1
cell_223,1
cell_224,3
cell_225,1
cell_226,3
cell_227,3
cell_228,1
cell_229,3
cell_230,1
cell_231,1
cell_232,1
cell_233,3
cell_234,2
cell_235,4
cell_236,3
cell_237,3
cell_238,1
cell_239,3
cell_240,1
cell_241,4
cell_242,1
cell_243,2
cell_244,2
cell_245,1
cell_246,1
cell_247,3
cell_248,3
cell_249,1
cell_250,2
cell_251,4
cell_252,1
cell_253,3
cell_254,2
cell_255,1
cell_256,2
cell_257,2
cell_258,4
cell_259,3
cell_260,4
cell_261,1
cell_262,3
cell_263,1
cell_264,1
cell_265,1
cell_266,1
cell_267,1
cell_268,2
cell_269,1
cell_270,2
cell_271,0
cell_272,0
cell_273,3
cell_274,3
cell_275,1
cell_276,3
cell_277,3
cell_278,1
cell_279,1
cell_280,3
cell_281,1
cell_282,1
cell_283,3
cell_284,1
cell_285,2
cell_286,1
cell_287,3
cell_288,1
cell_289,1
cell_290,1
cell_291,4
cell_292,3
cell_293,2
cell_294,1
cell_295,1
cell_296,2
cell_297,4
cell_298,3
cell_299,4
cell_300,1
cell_301,1
cell_302,1
cell_303,4
cell_304,3
cell_305,0
cell_306,1
cell_307,1
cell_308,1
cell_309,1
cell_310,2
cell_311,0
cell_312,1
cell_313,1
cell_314,4
cell_315,4
cell_316,2
cell_317,1
cell_318,1
cell_319,3
cell_320,4
cell_321,4
cell_322,4
cell_323,1
cell_324,3
cell_325,1
cell_326,3
cell_327,3
cell_328,3
cell_329,1
cell_330,1
cell_331,1
cell_332,2
cell_333,3
cell_334,1
cell_335,4
cell_336,1
cell_337,1
cell_338,4
cell_339,3
cell_340,1
cell_341,4
cell_342,1
cell_343,1
cell_344,0
cell_345,3
cell_346,1
cell_347,4
cell_348,4
cell_349,4
cell_350,4
cell_351,1
cell_352,1
cell_353,1
cell_354,1
cell_355,1
cell_356,2
cell_357,1
cell_358,1
cell_359,3
cell_360,2
cell_361,3
cell_362,2
cell_363,1
cell_364,1
cell_365,1
cell_366,4
cell_367,1
cell_368,1
cell_369,3
cell_370,1
cell_371,1
cell_372,1
cell_373,2
cell_374,4
cell_375,1
cell_376,3
cell_377,1
cell_378,4
cell_379,1
cell_380,1
cell_381,1
cell_382,4
cell_383,1
cell_384,1
cell_385,1
cell_386,4
cell_387,1
cell_388,2
cell_389,4
cell_390,2
cell_391,1
cell_392,1
cell_393,2
cell_394,4
cell_395,1
cell_396,2
cell_397,3
cell_398,3
cell_399,4
cell_400,3
cell_401,1
cell_402,3
cell_403,3
cell_404,1
cell_405,1
cell_406,1
cell_407,2
cell_408,1
cell_409,1
cell_410,1
cell_411,2
cell_412,1
cell_413,4
cell_414,1
cell_415,3
cell_416,4
cell_417,1
cell_418,1
cell_419,0
cell_420,1
cell_421,3
cell_422,4
cell_423,1
cell_424,1
cell_425,4
cell_426,4
cell_427,1
cell_428,1
cell_429,4
cell_430,4
cell_431,1
cell_432,3
cell_433,1
cell_434,1
cell_435,1
cell_436,4
cell_437,4
cell_438,1
cell_439,4
cell_440,1
cell_441,1
cell_442,1
cell_443,1
cell_444,4
cell_445,1
cell_446,1
cell_447,3
cell_448,1
cell_449,1
cell_450,3
cell_451,1
cell_452,1
cell_453,1
cell_454,1
cell_455,1
cell_456,4
cell_457,1
cell_458,1
cell_459,3
cell_460,0
cell_461,1
cell_462,1
cell_463,1
cell_464,3
cell_465,0
cell_466,1
cell_467,3
cell_468,2
cell_469,2
cell_470,3
cell_471,1
cell_472,3
cell_473,1
cell_474,4
cell_475,4
cell_476,2
cell_477,1
cell_478,1
cell_479,1
cell_480,3
cell_481,4
cell_482,1
cell_483,1
cell_484,1
cell_485,1
cell_486,3
cell_487,3
cell_488,0
cell_489,4
cell_490,1
cell_491,4
cell_492,0
cell_493,4
cell_494,3
cell_495,3
cell_496,1
cell_497,3
cell_498,1
cell_499,1
cell_500,4
cell_501,4
cell_502,4
cell_503,1
cell_504,3
cell_505,2
cell_506,3
cell_507,2
cell_508,4
cell_509,1
cell_510,2
cell_511,3
cell_512,4
cell_513,3
cell_514,3
cell_515,1
cell_516,2
cell_517,3
cell_518,1
cell_519,2
cell_520,1
cell_521,3
cell_522,0
cell_523,1
cell_524,4
cell_525,1
cell_526,0
cell_527,2
cell_528,3
cell_529,2
cell_530,1
cell_531,1
cell_532,2
cell_533,1
cell_534,1
cell_535,3
cell_536,1
cell_537,2
cell_538,1
cell_539,1
cell_540,2
cell_541,2
cell_542,2
cell_543,1
cell_544,1
cell_545,4
cell_546,2
cell_547,1
cell_548,3
cell_549,3
cell_550,3
cell_551,2
cell_552,1
cell_553,4
cell_554,1
cell_555,4
cell_556,1
cell_557,1
cell_558,4
cell_559,2
cell_560,2
cell_561,1
cell_562,3
cell_563,4
cell_564,2
cell_565,0
cell_566,3
cell_567,1
cell_568,1
cell_569,0
cell_570,4
cell_571,0
cell_572,1
cell_573,2
cell_574,1
cell_575,2
cell_576,1
cell_577,2
cell_578,1
cell_579,4
cell_580,4
cell_581,3
cell_582,3
cell_583,1
cell_584,4
cell_585,1
cell_586,1
cell_587,1
cell_588,2
cell_589,4
cell_590,4
cell_591,1
cell_592,0
cell_593,2
cell_594,3
cell_595,1
cell_596,4
cell_597,1
cell_598,2
cell_599,3
cell_600,1
cell_601,1
cell_602,2
cell_603,1
cell_604,0
cell_605,4
cell_606,3
cell_607,1
cell_608,1
cell_609,1
cell_610,1
cell_611,4
cell_612,3
cell_613,1
cell_614,2
cell_615,1
cell_616,3
cell_617,1
cell_618,2
cell_619,2
cell_620,2
cell_621,4
cell_622,1
cell_623,1
cell_624,1
cell_625,0
cell_626,3
cell_627,4
cell_628,1
cell_629,3
cell_630,1
cell_631,1
cell_632,1
cell_633,1
cell_634,1
cell_635,2
cell_636,0
cell_637,1
cell_638,1
cell_639,1
cell_640,1
cell_641,3
cell_642,1
cell_643,2
cell_644,2
cell_645,1
cell_646,1
cell_647,2
cell_648,1
cell_649,3
cell_650,3
cell_651,1
cell_652,1
cell_653,1
cell_654,2
cell_655,4
cell_656,2
cell_657,3
cell_658,1
cell_659,3
cell_660,1
cell_661,1
cell_662,1
cell_663,1
cell_664,2
cell_665,2
cell_666,4
cell_667,1
cell_668,3
cell_669,2
cell_670,0
cell_671,1
cell_672,1
cell_673,1
cell_674,3
cell_675,3
cell_676,3
cell_677,1
cell_678,1
cell_679,1
cell_680,0
cell_681,3
cell_682,1
cell_683,2
cell_684,2
cell_685,2
cell_686,1
cell_687,2
cell_688,0
cell_689,4
cell_690,1
cell_691,2
cell_692,1
cell_693,2
cell_694,1
cell_695,3
cell_696,2
cell_697,2
cell_698,1
cell_699,2
cell_700,3
cell_701,2
cell_702,1
cell_703,2
cell_704,1
cell_705,0
cell_706,4
cell_707,1
cell_708,4
cell_709,2
cell_710,1
cell_711,1
cell_712,2
cell_713,1
cell_714,3
cell_715,1
cell_716,4
cell_717,2
cell_718,3
cell_719,1
cell_720,2
cell_721,1
cell_722,3
cell_723,0
cell_724,0
cell_725,4
cell_726,4
cell_727,3
cell_728,0
cell_729,3
cell_730,0
cell_731,1
cell_732,3
cell_733,0
cell_734,4
cell_735,1
cell_736,1
cell_737,3
cell_738,1
cell_739,2
cell_740,3
cell_741,2
cell_742,2
cell_743,2
cell_744,0
cell_745,2
cell_746,3
cell_747,1
cell_748,1
cell_749,2
cell_750,1
cell_751,3
cell_752,1
cell_753,2
cell_754,2
cell_755,1
cell_756,1
cell_757,1
cell_758,1
cell_759,3
cell_760,2
cell_761,3
cell_762,3
cell_763,4
cell_764,1
cell_765,1
cell_766,1
cell_767,2
cell_768,1
cell_769,1
cell_770,2
cell_771,0
cell_772,1
cell_773,2
cell_774,2
cell_775,1
cell_776,3
cell_777,4
cell_778,1
cell_779,3
cell_780,0
cell_781,3
cell_782,1
cell_783,3
cell_784,1
cell_785,2
cell_786,1
cell_787,1
cell_788,3
cell_789,1
cell_790,1
cell_791,1
cell_792,2
cell_793,1
cell_794,3
cell_795,3
cell_796,0
cell_797,4
cell_798,1
cell_799,1
cell_800,1
cell_801,3
cell_802,3
cell_803,2
cell_804,4
cell_805,1
cell_806,3
cell_807,3
cell_808,2
cell_809,3
cell_810,1
cell_811,4
cell_812,1
cell_813,4
cell_814,2
cell_815,2
cell_816,1
cell_817,1
cell_818,1
cell_819,4
cell_820,1
cell_821,0
cell_822,4
cell_823,4
cell_824,1
cell_825,4
cell_826,2
cell_827,2
cell_828,2
cell_829,1
cell_830,2
cell_831,3
cell_832,3
cell_833,2
cell_834,2
cell_835,1
cell_836,1
cell_837,1
cell_838,4
cell_839,2
cell_840,2
cell_841,2
cell_842,2
cell_843,2
cell_844,1
cell_845,2
cell_846,4
cell_847,3
cell_848,1
cell_849,4
cell_850,3
cell_851,1
cell_852,1
cell_853,3
cell_854,1
cell_855,0
cell_856,2
cell_857,2
cell_858,1
cell_859,3
cell_860,4
cell_861,1
cell_862,2
cell_863,0
cell_864,4
cell_865,4
cell_866,2
cell_867,1
cell_868,3
cell_869,1
cell_870,1
cell_871,4
cell_872,2
cell_873,4
cell_874,2
cell_875,3
cell_876,0
cell_877,2
cell_878,1
cell_879,1
cell_880,1
cell_881,4
cell_882,2
cell_883,2
cell_884,1
cell_885,1
cell_886,1
cell_887,2
cell_888,4
cell_889,4
cell_890,3
cell_891,1
cell_892,1
cell_893,1
cell_894,1
cell_895,2
cell_896,1
cell_897,3
cell_898,1
cell_899,0
cell_900,2
cell_901,2
cell_902,0
cell_903,3
cell_904,1
cell_905,1
cell_906,2
cell_907,3
cell_908,1
cell_909,3
cell_910,2
cell_911,4
cell_912,1
cell_913,4
cell_914,4
cell_915,4
cell_916,1
cell_917,1
cell_918,4
cell_919,4
cell_920,2
cell_921,1
cell_922,4
cell_923,4
cell_924,4
cell_925,2
cell_926,2
cell_927,1
cell_928,2
cell_929,4
cell_930,3
cell_931,2
cell_932,1
cell_933,4
cell_934,3
cell_935,3
cell_936,4
cell_937,2
cell_938,0
cell_939,4
cell_940,2
cell_941,1
cell_942,3
cell_943,0
cell_944,2
cell_945,1
cell_946,2
cell_947,0
cell_948,3
cell_949,2
cell_950,2
cell_951,3
cell_952,3
cell_953,2
cell_954,3
cell_955,3
cell_956,1
cell_957,3
cell_958,2
cell_959,1
cell_960,2
cell_961,2
cell_962,0
cell_963,3
cell_964,2
cell_965,2
cell_966,1
cell_967,4
cell_968,2
cell_969,2
cell_970,2
cell_971,4
cell_972,2
cell_973,1
cell_974,2
cell_975,1
cell_976,1
cell_977,0
cell_978,3
cell_979,4
cell_980,3
cell_981,1
cell_982,4
cell_983,3
cell_984,2
cell_985,4
cell_986,1
cell_987,3
cell_988,2
cell_989,2
cell_990,0
cell_991,3
cell_992,4
cell_993,3
cell_994,2
cell_995,2
cell_996,1
cell_997,3
cell_998,4
cell_999,2
cell_1000,2
cell_1001,2
cell_1002,2
cell_1003,3
cell_1004,2
cell_1005,1
cell_1006,1
cell_1007,0
cell_1008,0
cell_1009,1
cell_1010,2
cell_1011,2
cell_1012,2
cell_1013,1
cell_1014,3
cell_1015,1
cell_1016,4
cell_1017,1
cell_1018,2
cell_1019,2
cell_1020,0
cell_1021,3
cell_1022,0
cell_1023,1
cell_1024,0
cell_1025,1
cell_1026,2
cell_1027,4
cell_1028,4
cell_1029,1
cell_1030,1
cell_1031,1
cell_1032,3
cell_1033,2
cell_1034,1
cell_1035,0
cell_1036,0
cell_1037,0
cell_1038,2
cell_1039,0
cell_1040,0
cell_1041,3
cell_1042,0
cell_1043,2
cell_1044,1
cell_1045,3
cell_1046,0
cell_1047,1
cell_1048,2
cell_1049,0
cell_1050,2
cell_1051,1
cell_1052,1
cell_1053,1
cell_1054,2
cell_1055,0
cell_1056,2
cell_1057,1
cell_1058,3
cell_1059,3
cell_1060,4
cell_1061,2
cell_1062,1
cell_1063,1
cell_1064,2
cell_1065,1
cell_1066,4
cell_1067,1
cell_1068,2
cell_1069,2
cell_1070,4
cell_1071,2
cell_1072,1
cell_1073,3
cell_1074,3
cell_1075,2
cell_1076,2
cell_1077,4
cell_1078,1
cell_1079,1
cell_1080,2
cell_1081,3
cell_1082,4
cell_1083,2
cell_1084,3
cell_1085,4
cell_1086,3
cell_1087,0
cell_1088,1
cell_1089,4
cell_1090,4
cell_1091,2
cell_1092,0
cell_1093,2
cell_1094,2
cell_1095,2
cell_1096,4
cell_1097,1
cell_1098,4
cell_1099,4
cell_1100,0
cell_1101,1
cell_1102,1
cell_1103,3
cell_1104,1
cell_1105,4
cell_1106,0
cell_1107,3
cell_1108,1
cell_1109,3
cell_1110,3
cell_1111,2
cell_1112,3
cell_1113,1
cell_1114,4
cell_1115,1
cell_1116,2
cell_1117,2
cell_1118,1
cell_1119,2
cell_1120,3
cell_1121,4
cell_1122,2
cell_1123,3
cell_1124,2
cell_1125,4
cell_1126,2
cell_1127,3
cell_1128,2
cell_1129,2
cell_1130,3
cell_1131,3
cell_1132,2
cell_1133,1
cell_1134,2
cell_1135,2
cell_1136,4
cell_1137,2
cell_1138,2
cell_1139,2
cell_1140,1
cell_1141,2
cell_1142,1
cell_1143,1
cell_1144,3
cell_1145,2
cell_1146,1
cell_1147,1
cell_1148,3
cell_1149,4
cell_1150,1
cell_1151,2
cell_1152,3
cell_1153,2
cell_1154,3
cell_1155,2
cell_1156,1
cell_1157,2
cell_1158,4
cell_1159,1
cell_1160,2
cell_1161,0
cell_1162,2
cell_1163,3
cell_1164,0
cell_1165,2
cell_1166,1
cell_1167,0
cell_1168,1
cell_1169,0
cell_1170,2
cell_1171,1
cell_1172,2
cell_1173,1
cell_1174,3
cell_1175,2
cell_1176,1
cell_1177,1
cell_1178,2
cell_1179,2
cell_1180,4
cell_1181,3
cell_1182,2
cell_1183,2
cell_1184,4
cell_1185,3
cell_1186,1
cell_1187,3
cell_1188,1
cell_1189,1
cell_1190,4
cell_1191,1
cell_1192,4
cell_1193,4
cell_1194,1
cell_1195,4
cell_1196,1
cell_1197,1
cell_1198,2
cell_1199,0
cell_1200,2
cell_1201,2
cell_1202,4
cell_1203,2
cell_1204,1
cell_1205,3
cell_1206,2
cell_1207,0
cell_1208,1
cell_1209,1
cell_1210,1
cell_1211,0
cell_1212,2
cell_1213,3
cell_1214,1
cell_1215,4
cell_1216,3
cell_1217,2
cell_1218,0
cell_1219,2
cell_1220,4
cell_1221,1
cell_1222,0
cell_1223,1
cell_1224,2
cell_1225,0
cell_1226,2
cell_1227,2
cell_1228,1
cell_1229,1
cell_1230,4
cell_1231,0
cell_1232,2
cell_1233,0
cell_1234,2
cell_1235,2
cell_1236,1
cell_1237,0
cell_1238,2
cell_1239,3
cell_1240,3
cell_1241,1
cell_1242,4
cell_1243,0
cell_1244,0
cell_1245,1
cell_1246,0
cell_1247,2
cell_1248,0
cell_1249,2
cell_1250,2
cell_1251,1
cell_1252,0
cell_1253,4
cell_1254,2
cell_1255,0
cell_1256,4
cell_1257,1
cell_1258,2
cell_1259,2
cell_1260,2
cell_1261,2
cell_1262,2
cell_1263,1
cell_1264,3
cell_1265,4
cell_1266,0
cell_1267,1
cell_1268,2
cell_1269,1
cell_1270,2
cell_1271,3
cell_1272,1
cell_1273,3
cell_1274,2
cell_1275,4
cell_1276,1
cell_1277,3
cell_1278,1
cell_1279,3
cell_1280,2
cell_1281,0
cell_1282,2
cell_1283,1
cell_1284,4
cell_1285,4
cell_1286,4
cell_1287,1
cell_1288,1
cell_1289,2
cell_1290,1
cell_1291,4
cell_1292,0
cell_1293,0
cell_1294,1
cell_1295,3
cell_1296,2
cell_1297,1
cell_1298,2
cell_1299,2
cell_1300,2
cell_1301,1
cell_1302,2
cell_1303,3
cell_1304,3
cell_1305,4
cell_1306,1
cell_1307,1
cell_1308,0
cell_1309,0
cell_1310,2
cell_1311,3
cell_1312,4
cell_1313,2
cell_1314,3
cell_1315,1
cell_1316,2
cell_1317,0
cell_1318,2
cell_1319,1
cell_1320,1
cell_1321,0
cell_1322,0
cell_1323,3
cell_1324,0
cell_1325,2
cell_1326,1
cell_1327,0
cell_1328,3
cell_1329,3
cell_1330,2
cell_1331,4
cell_1332,1
cell_1333,1
cell_1334,1
cell_1335,2
cell_1336,2
cell_1337,2
cell_1338,2
cell_1339,3
cell_1340,2
cell_1341,1
cell_1342,0
cell_1343,3
cell_1344,0
cell_1345,0
cell_1346,3
cell_1347,0
cell_1348,0
cell_1349,2
cell_1350,3
cell_1351,3
cell_1352,0
cell_1353,1
cell_1354,1
cell_1355,0
cell_1356,1
cell_1357,3
cell_1358,2
cell_1359,1
cell_1360,3
cell_1361,0
cell_1362,2
cell_1363,2
cell_1364,1
cell_1365,2
cell_1366,4
cell_1367,2
cell_1368,3
cell_1369,2
cell_1370,3
cell_1371,3
cell_1372,1
cell_1373,3
cell_1374,4
cell_1375,0
cell_1376,2
cell_1377,2
cell_1378,2
cell_1379,3
cell_1380,2
cell_1381,4
cell_1382,2
cell_1383,4
cell_1384,0
cell_1385,2
cell_1386,2
cell_1387,1
cell_1388,1
cell_1389,1
cell_1390,1
cell_1391,4
cell_1392,1
cell_1393,4
cell_1394,2
cell_1395,4
cell_1396,1
cell_1397,4
cell_1398,3
cell_1399,2
cell_1400,3
cell_1401,3
cell_1402,0
cell_1403,0
cell_1404,1
cell_1405,0
cell_1406,3
cell_1407,1
cell_1408,3
cell_1409,2
cell_1410,2
cell_1411,2
cell_1412,2
cell_1413,3
cell_1414,0
cell_1415,2
cell_1416,2
cell_1417,2
cell_1418,1
cell_1419,0
cell_1420,0
cell_1421,0
cell_1422,1
cell_1423,0
cell_1424,2
cell_1425,3
cell_1426,2
cell_1427,4
cell_1428,3
cell_1429,1
cell_1430,2
cell_1431,2
cell_1432,4
cell_1433,0
cell_1434,0
cell_1435,2
cell_1436,3
cell_1437,0
cell_1438,2
cell_1439,1
cell_1440,0
cell_1441,0
cell_1442,2
cell_1443,1
cell_1444,3
cell_1445,1
cell_1446,2
cell_1447,1
cell_1448,2
cell_1449,4
cell_1450,1
cell_1451,0
cell_1452,0
cell_1453,0
cell_1454,0
cell_1455,2
cell_1456,2
cell_1457,0
cell_1458,2
cell_1459,1
cell_1460,0
cell_1461,3
cell_1462,2
cell_1463,3
cell_1464,0
cell_1465,2
cell_1466,3
cell_1467,1
cell_1468,1
cell_1469,1
cell_1470,2
cell_1471,3
cell_1472,3
cell_1473,1
cell_1474,4
cell_1475,1
cell_1476,3
cell_1477,0
cell_1478,0
cell_1479,2
cell_1480,2
cell_1481,0
cell_1482,1
cell_1483,0
cell_1484,0
cell_1485,1
cell_1486,2
cell_1487,2
cell_1488,4
cell_1489,0
cell_1490,2
cell_1491,4
cell_1492,3
cell_1493,4
cell_1494,2
cell_1495,0
cell_1496,3
cell_1497,0
cell_1498,3
cell_1499,4
cell_1500,3
cell_1501,2
cell_1502,1
cell_1503,2
cell_1504,3
cell_1505,2
cell_1506,0
cell_1507,2
cell_1508,0
cell_1509,1
cell_1510,0
cell_1511,1
cell_1512,1
cell_1513,0
cell_1514,4
cell_1515,2
cell_1516,4
cell_1517,2
cell_1518,4
cell_1519,4
cell_1520,2
cell_1521,3
cell_1522,2
cell_1523,0
cell_1524,1
cell_1525,0
cell_1526,2
cell_1527,3
cell_1528,2
cell_1529,2
cell_1530,0
cell_1531,2
cell_1532,1
cell_1533,4
cell_1534,1
cell_1535,1
cell_1536,3
cell_1537,4
cell_1538,2
cell_1539,1
cell_1540,0
cell_1541,4
cell_1542,0
cell_1543,2
cell_1544,2
cell_1545,4
cell_1546,3
cell_1547,0
cell_1548,2
cell_1549,2
cell_1550,2
cell_1551,2
cell_1552,3
cell_1553,2
cell_1554,2
cell_1555,1
cell_1556,2
cell_1557,0
cell_1558,0
cell_1559,3
cell_1560,0
cell_1561,2
cell_1562,3
cell_1563,3
cell_1564,3
cell_1565,1
cell_1566,3
cell_1567,0
cell_1568,3
cell_1569,4
cell_1570,0
cell_1571,4
cell_1572,0
cell_1573,3
cell_1574,0
cell_1575,3
cell_1576,2
cell_1577,0
cell_1578,3
cell_1579,0
cell_1580,0
cell_1581,4
cell_1582,2
cell_1583,0
cell_1584,3
cell_1585,2
cell_1586,3
cell_1587,0
cell_1588,3
cell_1589,2
cell_1590,0
cell_1591,0
cell_1592,1
cell_1593,2
cell_1594,0
cell_1595,3
cell_1596,4
cell_1597,0
cell_1598,0
cell_1599,3
cell_1600,2
cell_1601,2
cell_1602,0
cell_1603,0
cell_1604,0
cell_1605,2
cell_1606,3
cell_1607,2
cell_1608,3
cell_1609,2
cell_1610,2
cell_1611,0
cell_1612,1
cell_1613,0
cell_1614,2
cell_1615,2
cell_1616,4
cell_1617,3
cell_1618,0
cell_1619,0
cell_1620,0
cell_1621,3
cell_1622,3
cell_1623,1
cell_1624,1
cell_1625,3
cell_1626,2
cell_1627,1
cell_1628,0
cell_1629,0
cell_1630,2
cell_1631,2
cell_1632,4
cell_1633,2
cell_1634,3
cell_1635,0
cell_1636,2
cell_1637,1
cell_1638,0
cell_1639,3
cell_1640,1
cell_1641,3
cell_1642,4
cell_1643,0
cell_1644,2
cell_1645,0
cell_1646,3
cell_1647,0
cell_1648,2
cell_1649,2
cell_1650,4
cell_1651,4
cell_1652,4
cell_1653,0
cell_1654,2
cell_1655,0
cell_1656,2
cell_1657,2
cell_1658,0
cell_1659,0
cell_1660,1
cell_1661,1
cell_1662,0
cell_1663,2
cell_1664,2
cell_1665,1
cell_1666,1
cell_1667,2
cell_1668,1
cell_1669,4
cell_1670,4
cell_1671,2
cell_1672,2
cell_1673,1
cell_1674,2
cell_1675,0
cell_1676,0
cell_1677,1
cell_1678,0
cell_1679,3
cell_1680,0
cell_1681,0
cell_1682,4
cell_1683,2
cell_1684,3
cell_1685,0
cell_1686,3
cell_1687,4
cell_1688,0
cell_1689,0
cell_1690,2
cell_1691,1
cell_1692,2
cell_1693,3
cell_1694,0
cell_1695,2
cell_1696,3
cell_1697,0
cell_1698,2
cell_1699,0
cell_1700,3
cell_1701,0
cell_1702,2
cell_1703,1
cell_1704,3
cell_1705,2
cell_1706,0
cell_1707,0
cell_1708,0
cell_1709,1
cell_1710,0
cell_1711,4
cell_1712,1
cell_1713,1
cell_1714,3
cell_1715,2
cell_1716,2
cell_1717,3
cell_1718,4
cell_1719,2
cell_1720,2
cell_1721,0
cell_1722,2
cell_1723,3
cell_1724,2
cell_1725,4
cell_1726,1
cell_1727,2
cell_1728,2
cell_1729,2
cell_1730,0
cell_1731,2
cell_1732,0
cell_1733,2
cell_1734,2
cell_1735,0
cell_1736,3
cell_1737,2
cell_1738,3
cell_1739,0
cell_1740,4
cell_1741,2
cell_1742,2
cell_1743,2
cell_1744,2
cell_1745,2
cell_1746,0
cell_1747,2
cell_1748,3
cell_1749,0
cell_1750,2
cell_1751,0
cell_1752,2
cell_1753,1
cell_1754,1
cell_1755,3
cell_1756,3
cell_1757,2
cell_1758,0
cell_1759,2
cell_1760,0
cell_1761,0
cell_1762,1
cell_1763,2
cell_1764,2
cell_1765,4
cell_1766,2
cell_1767,0
cell_1768,1
cell_1769,4
cell_1770,2
cell_1771,1
cell_1772,2
cell_1773,2
cell_1774,3
cell_1775,2
cell_1776,0
cell_1777,1
cell_1778,2
cell_1779,4
cell_1780,0
cell_1781,1
cell_1782,1
cell_1783,1
cell_1784,1
cell_1785,3
cell_1786,3
cell_1787,0
cell_1788,2
cell_1789,2
cell_1790,2
cell_1791,4
cell_1792,0
cell_1793,2
cell_1794,0
cell_1795,0
cell_1796,1
cell_1797,0
cell_1798,1
cell_1799,2
cell_1800,0
cell_1801,0
cell_1802,3
cell_1803,2
cell_1804,3
cell_1805,2
cell_1806,0
cell_1807,0
cell_1808,1
cell_1809,0
cell_1810,0
cell_1811,2
cell_1812,2
cell_1813,0
cell_1814,0
cell_1815,0
cell_1816,1
cell_1817,0
cell_1818,2
cell_1819,0
cell_1820,0
cell_1821,2
cell_1822,3
cell_1823,2
cell_1824,3
cell_1825,0
cell_1826,2
cell_1827,0
cell_1828,0
cell_1829,3
cell_1830,0
cell_1831,2
cell_1832,0
cell_1833,2
cell_1834,3
cell_1835,0
cell_1836,0
cell_1837,2
cell_1838,0
cell_1839,2
cell_1840,2
cell_1841,4
cell_1842,2
cell_1843,2
cell_1844,3
cell_1845,3
cell_1846,2
cell_1847,3
cell_1848,3
cell_1849,0
cell_1850,2
cell_1851,4
cell_1852,1
cell_1853,0
cell_1854,4
cell_1855,2
cell_1856,3
cell_1857,2
cell_1858,0
cell_1859,2
cell_1860,0
cell_1861,3
cell_1862,2
cell_1863,0
cell_1864,0
cell_1865,2
cell_1866,0
cell_1867,2
cell_1868,0
cell_1869,0
cell_1870,1
cell_1871,2
cell_1872,4
cell_1873,2
cell_1874,0
cell_1875,0
cell_1876,0
cell_1877,1
cell_1878,1
cell_1879,0
cell_1880,2
cell_1881,4
cell_1882,1
cell_1883,0
cell_1884,0
cell_1885,1
cell_1886,0
cell_1887,1
cell_1888,4
cell_1889,4
cell_1890,0
cell_1891,1
cell_1892,2
cell_1893,0
cell_1894,0
cell_1895,2
cell_1896,0
cell_1897,2
cell_1898,1
cell_1899,0
cell_1900,4
cell_1901,0
cell_1902,0
cell_1903,0
cell_1904,2
cell_1905,2
cell_1906,2
cell_1907,3
cell_1908,0
cell_1909,0
cell_1910,0
cell_1911,4
cell_1912,2
cell_1913,3
cell_1914,0
cell_1915,0
cell_1916,2
cell_1917,3
cell_1918,0
cell_1919,0
cell_1920,2
cell_1921,0
cell_1922,0
cell_1923,1
cell_1924,0
cell_1925,1
cell_1926,0
cell_1927,3
cell_1928,0
cell_1929,3
cell_1930,4
cell_1931,0
cell_1932,0
cell_1933,4
cell_1934,2
cell_1935,1
cell_1936,0
cell_1937,4
cell_1938,1
cell_1939,0
cell_1940,1
cell_1941,1
cell_1942,0
cell_1943,1
cell_1944,2
cell_1945,2
cell_1946,3
cell_1947,3
cell_1948,1
cell_1949,4
cell_1950,2
cell_1951,4
cell_1952,2
cell_1953,2
cell_1954,1
cell_1955,3
cell_1956,2
cell_1957,2
cell_1958,4
cell_1959,0
cell_1960,0
cell_1961,0
cell_1962,0
cell_1963,2
cell_1964,2
cell_1965,1
cell_1966,2
cell_1967,3
cell_1968,0
cell_1969,0
cell_1970,0
cell_1971,1
cell_1972,0
cell_1973,2
cell_1974,0
cell_1975,0
cell_1976,4
cell_1977,2
cell_1978,0
cell_1979,0
cell_1980,0
cell_1981,3
cell_1982,2
cell_1983,2
cell_1984,2
cell_1985,2
cell_1986,0
cell_1987,4
cell_1988,1
cell_1989,0
cell_1990,3
cell_1991,4
cell_1992,4
cell_1993,0
cell_1994,1
cell_1995,0
cell_1996,3
cell_1997,0
cell_1998,4
cell_1999,0
cell_2000,3
cell_2001,2
cell_2002,0
cell_2003,2
cell_2004,0
cell_2005,0
cell_2006,2
cell_2007,2
cell_2008,0
cell_2009,0
cell_2010,0
cell_2011,0
cell_2012,0
cell_2013,2
cell_2014,2
cell_2015,0
cell_2016,4
cell_2017,4
cell_2018,1
cell_2019,0
cell_2020,3
cell_2021,0
cell_2022,0
cell_2023,4
cell_2024,0
cell_2025,4
cell_2026,1
cell_2027,0
cell_2028,0
cell_2029,0
cell_2030,2
cell_2031,0
cell_2032,3
cell_2033,3
cell_2034,0
cell_2035,0
cell_2036,0
cell_2037,0
cell_2038,1
cell_2039,0
cell_2040,2
cell_2041,0
cell_2042,2
cell_2043,2
cell_2044,0
cell_2045,0
cell_2046,0
cell_2047,0
cell_2048,2
cell_2049,1
cell_2050,0
cell_2051,0
cell_2052,3
cell_2053,0
cell_2054,2
cell_2055,2
cell_2056,2
cell_2057,3
cell_2058,2
cell_2059,1
cell_2060,2
cell_2061,2
cell_2062,1
cell_2063,3
cell_2064,0
cell_2065,2
cell_2066,4
cell_2067,3
cell_2068,0
cell_2069,0
cell_2070,4
cell_2071,0
cell_2072,3
cell_2073,2
cell_2074,3
cell_2075,2
cell_2076,2
cell_2077,0
cell_2078,0
cell_2079,0
cell_2080,4
cell_2081,0
cell_2082,1
cell_2083,0
cell_2084,2
cell_2085,4
cell_2086,0
cell_2087,0
cell_2088,0
cell_2089,1
cell_2090,0
cell_2091,0
cell_2092,2
cell_2093,0
cell_2094,0
cell_2095,0
cell_2096,0
cell_2097,1
cell_2098,0
cell_2099,0
cell_2100,0
cell_2101,0
cell_2102,0
cell_2103,0
cell_2104,4
cell_2105,2
cell_2106,3
cell_2107,3
cell_2108,0
cell_2109,3
cell_2110,0
cell_2111,2
cell_2112,0
cell_2113,0
cell_2114,0
cell_2115,4
cell_2116,4
cell_2117,0
cell_2118,1
cell_2119,2
cell_2120,4
cell_2121,2
cell_2122,4
cell_2123,1
cell_2124,3
cell_2125,0
cell_2126,3
cell_2127,1
cell_2128,0
cell_2129,2
cell_2130,0
cell_2131,1
cell_2132,2
cell_2133,0
cell_2134,3
cell_2135,3
cell_2136,1
cell_2137,0
cell_2138,2
cell_2139,4
cell_2140,0
cell_2141,0
cell_2142,0
cell_2143,0
cell_2144,0
cell_2145,3
cell_2146,0
cell_2147,0
cell_2148,2
cell_2149,0
cell_2150,0
cell_2151,0
cell_2152,1
cell_2153,4
cell_2154,0
cell_2155,3
cell_2156,0
cell_2157,0
cell_2158,3
cell_2159,0
cell_2160,0
cell_2161,0
cell_2162,0
cell_2163,0
cell_2164,0
cell_2165,2
cell_2166,0
cell_2167,0
cell_2168,3
cell_2169,1
cell_2170,0
cell_2171,1
cell_2172,3
cell_2173,0
cell_2174,2
cell_2175,1
cell_2176,0
cell_2177,0
cell_2178,4
cell_2179,0
cell_2180,2
cell_2181,0
cell_2182,0
cell_2183,2
cell_2184,2
cell_2185,0
cell_2186,0
cell_2187,1
cell_2188,1
cell_2189,2
cell_2190,0
cell_2191,1
cell_2192,0
cell_2193,0
cell_2194,0
cell_2195,0
cell_2196,1
cell_2197,1
cell_2198,0
cell_2199,0
cell_2200,4
cell_2201,0
cell_2202,0
cell_2203,1
cell_2204,2
cell_2205,1
cell_2206,2
cell_2207,0
cell_2208,0
cell_2209,0
cell_2210,0
cell_2211,0
cell_2212,0
cell_2213,0
cell_2214,1
cell_2215,0
cell_2216,1
cell_2217,2
cell_2218,4
cell_2219,4
cell_2220,1
cell_2221,2
cell_2222,0
cell_2223,0
cell_2224,0
cell_2225,0
cell_2226,0
cell_2227,0
cell_2228,0
cell_2229,0
cell_2230,0
cell_2231,2
cell_2232,0
cell_2233,4
cell_2234,0
cell_2235,0
cell_2236,0
cell_2237,1
cell_2238,0
cell_2239,0
cell_2240,1
cell_2241,0
cell_2242,0
cell_2243,0
cell_2244,0
cell_2245,0
cell_2246,4
cell_2247,0
cell_2248,0
cell_2249,0
cell_2250,3
cell_2251,1
cell_2252,1
cell_2253,0
cell_2254,0
cell_2255,0
cell_2256,2
cell_2257,0
cell_2258,0
cell_2259,3
cell_2260,0
cell_2261,0
cell_2262,3
cell_2263,0
cell_2264,0
cell_2265,3
cell_2266,4
cell_2267,3
cell_2268,0
cell_2269,0
cell_2270,0
cell_2271,0
cell_2272,1
cell_2273,2
cell_2274,0
cell_2275,4
cell_2276,0
cell_2277,4
cell_2278,0
cell_2279,0
cell_2280,0
cell_2281,2
cell_2282,0
cell_2283,4
cell_2284,1
cell_2285,0
cell_2286,2
cell_2287,3
cell_2288,0
cell_2289,0
cell_2290,2
cell_2291,2
cell_2292,0
cell_2293,2
cell_2294,0
cell_2295,3
cell_2296,1
cell_2297,2
cell_2298,2
cell_2299,3
cell_2300,0
cell_2301,3
cell_2302,0
cell_2303,2
cell_2304,0
cell_2305,0
cell_2306,0
cell_2307,0
cell_2308,0
cell_2309,1
cell_2310,2
cell_2311,1
cell_2312,0
cell_2313,0
cell_2314,3
cell_2315,2
cell_2316,2
cell_2317,0
cell_2318,2
cell_2319,3
cell_2320,0
cell_2321,2
cell_2322,0
cell_2323,1
cell_2324,0
cell_2325,0
cell_2326,0
cell_2327,1
cell_2328,3
cell_2329,4
cell_2330,0
cell_2331,2
cell_2332,4
cell_2333,0
cell_2334,0
cell_2335,0
cell_2336,0
cell_2337,0
cell_2338,0
cell_2339,0
cell_2340,0
cell_2341,0
cell_2342,0
cell_2343,0
cell_2344,2
cell_2345,3
cell_2346,0
cell_2347,1
cell_2348,4
cell_2349,2
cell_2350,0
cell_2351,0
cell_2352,4
cell_2353,0
cell_2354,0
cell_2355,0
cell_2356,0
cell_2357,2
cell_2358,0
cell_2359,3
cell_2360,2
cell_2361,0
cell_2362,0
cell_2363,3
cell_2364,4
cell_2365,0
cell_2366,0
cell_2367,0
cell_2368,3
cell_2369,2
cell_2370,0
cell_2371,2
cell_2372,0
cell_2373,0
cell_2374,0
cell_2375,2
cell_2376,2
cell_2377,0
cell_2378,2
cell_2379,3
cell_2380,0
cell_2381,3
cell_2382,0
cell_2383,0
cell_2384,0
cell_2385,0
cell_2386,3
cell_2387,0
cell_2388,0
cell_2389,0
cell_2390,0
cell_2391,3
cell_2392,4
cell_2393,2
cell_2394,0
cell_2395,1
cell_2396,0
cell_2397,2
cell_2398,0
cell_2399,0
cell_2400,1
cell_2401,0
cell_2402,0
cell_2403,0
cell_2404,1
cell_2405,3
cell_2406,0
cell_2407,1
cell_2408,4
cell_2409,0
cell_2410,3
cell_2411,0
cell_2412,0
cell_2413,0
cell_2414,0
cell_2415,2
cell_2416,0
cell_2417,4
cell_2418,3
cell_2419,0
cell_2420,0
cell_2421,0
cell_2422,0
cell_2423,0
cell_2424,0
cell_2425,0
cell_2426,3
cell_2427,0
cell_2428,1
cell_2429,1
cell_2430,1
cell_2431,0
cell_2432,0
cell_2433,0
cell_2434,1
cell_2435,0
cell_2436,0
cell_2437,0
cell_2438,0
cell_2439,0
cell_2440,0
cell_2441,2
cell_2442,2
cell_2443,0
cell_2444,0
cell_2445,1
cell_2446,4
cell_2447,4
cell_2448,0
cell_2449,0
cell_2450,0
cell_2451,0
cell_2452,0
cell_2453,0
cell_2454,3
cell_2455,0
cell_2456,4
cell_2457,0
cell_2458,0
cell_2459,1
cell_2460,1
cell_2461,4
cell_2462,0
cell_2463,2
cell_2464,0
cell_2465,1
cell_2466,3
cell_2467,0
cell_2468,0
cell_2469,0
cell_2470,1
cell_2471,0
cell_2472,2
cell_2473,1
cell_2474,0
cell_2475,0
cell_2476,0
cell_2477,0
cell_2478,1
cell_2479,2
cell_2480,0
cell_2481,4
cell_2482,0
cell_2483,0
cell_2484,0
cell_2485,0
cell_2486,2
cell_2487,1
cell_2488,3
cell_2489,0
cell_2490,0
cell_2491,0
cell_2492,0
cell_2493,1
cell_2494,1
cell_2495,0
cell_2496,0
cell_2497,0
cell_2498,1
cell_2499,0
cell_2500,4
cell_2501,4
cell_2502,4
cell_2503,0
cell_2504,0
cell_2505,0
cell_2506,1
cell_2507,0
cell_2508,0
cell_2509,0
cell_2510,0
cell_2511,0
cell_2512,4
cell_2513,0
cell_2514,0
cell_2515,0
cell_2516,0
cell_2517,1
cell_2518,0
cell_2519,0
cell_2520,0
cell_2521,3
cell_2522,0
cell_2523,3
cell_2524,0
cell_2525,0
cell_2526,1
cell_2527,2
cell_2528,1
cell_2529,0
cell_2530,0
cell_2531,0
cell_2532,0
cell_2533,0
cell_2534,0
cell_2535,4
cell_2536,0
cell_2537,0
cell_2538,4
cell_2539,4
cell_2540,0
cell_2541,4
cell_2542,0
cell_2543,0
cell_2544,0
cell_2545,0
cell_2546,0
cell_2547,0
cell_2548,0
cell_2549,0
cell_2550,2
cell_2551,2
cell_2552,0
cell_2553,0
cell_2554,1
cell_2555,0
cell_2556,4
cell_2557,2
cell_2558,0
cell_2559,0
cell_2560,0
cell_2561,1
cell_2562,3
cell_2563,0
cell_2564,2
cell_2565,0
cell_2566,0
cell_2567,3
cell_2568,3
cell_2569,0
cell_2570,0
cell_2571,2
cell_2572,0
cell_2573,4
cell_2574,0
cell_2575,0
cell_2576,0
cell_2577,3
cell_2578,0
cell_2579,0
cell_2580,3
cell_2581,0
cell_2582,3
cell_2583,4
cell_2584,0
cell_2585,0
cell_2586,0
cell_2587,3
cell_2588,4
cell_2589,3
cell_2590,0
cell_2591,0
cell_2592,3
cell_2593,0
cell_2594,0
cell_2595,0
cell_2596,1
cell_2597,0
cell_2598,4
cell_2599,4
cell_2600,0
cell_2601,0
cell_2602,1
cell_2603,1
cell_2604,0
cell_2605,1
cell_2606,0
cell_2607,0
cell_2608,3
cell_2609,1
cell_2610,0
cell_2611,1
cell_2612,0
cell_2613,0
cell_2614,0
cell_2615,1
cell_2616,2
cell_2617,2
cell_2618,2
cell_2619,3
cell_2620,2
cell_2621,0
cell_2622,1
cell_2623,0
cell_2624,0
cell_2625,0
cell_2626,2
cell_2627,0
cell_2628,0
cell_2629,0
cell_2630,0
cell_2631,0
cell_2632,1
cell_2633,0
cell_2634,0
cell_2635,0
cell_2636,3
cell_2637,2
cell_2638,0
cell_2639,0
cell_2640,0
cell_2641,0
cell_2642,2
cell_2643,0
cell_2644,2
cell_2645,0
cell_2646,1
cell_2647,4
cell_2648,0
cell_2649,2
cell_2650,0
cell_2651,1
cell_2652,0
cell_2653,4
cell_2654,2
cell_2655,0
cell_2656,0
cell_2657,4
cell_2658,0
cell_2659,0
cell_2660,0
cell_2661,0
cell_2662,3
cell_2663,0
cell_2664,2
cell_2665,2
cell_2666,0
cell_2667,3
cell_2668,2
cell_2669,1
cell_2670,4
cell_2671,0
cell_2672,3
cell_2673,4
cell_2674,0
cell_2675,0
cell_2676,0
cell_2677,4
cell_2678,3
cell_2679,1
cell_2680,0
cell_2681,0
cell_2682,0
cell_2683,1
cell_2684,4
cell_2685,0
cell_2686,0
cell_2687,1
cell_2688,0
cell_2689,1
cell_2690,4
cell_2691,0
cell_2692,0
cell_2693,0
cell_2694,0
cell_2695,1
cell_2696,0
cell_2697,0
cell_2698,0
cell_2699,3
cell_2700,0
cell_2701,0
cell_2702,3
cell_2703,2
cell_2704,0
cell_2705,0
cell_2706,0
cell_2707,1
cell_2708,0
cell_2709,4
cell_2710,0
cell_2711,0
cell_2712,0
cell_2713,0
cell_2714,0
cell_2715,3
cell_2716,0
cell_2717,0
cell_2718,2
cell_2719,0
cell_2720,1
cell_2721,0
cell_2722,2
cell_2723,0
cell_2724,0
cell_2725,0
cell_2726,0
cell_2727,0
cell_2728,0
cell_2729,0
cell_2730,1
cell_2731,0
cell_2732,3
cell_2733,4
cell_2734,2
cell_2735,0
cell_2736,0
cell_2737,0
cell_2738,0
cell_2739,0
cell_2740,3
cell_2741,1
cell_2742,0
cell_2743,4
cell_2744,0
cell_2745,0
cell_2746,0
cell_2747,4
cell_2748,0
cell_2749,0
cell_2750,2
cell_2751,2
cell_2752,1
cell_2753,0
cell_2754,0
cell_2755,0
cell_2756,0
cell_2757,0
cell_2758,1
cell_2759,0
cell_2760,1
cell_2761,1
cell_2762,2
cell_2763,0
cell_2764,0
cell_2765,1
cell_2766,0
cell_2767,0
cell_2768,1
cell_2769,2
cell_2770,0
cell_2771,0
cell_2772,0
cell_2773,4
cell_2774,4
cell_2775,0
cell_2776,2
cell_2777,1
cell_2778,2
cell_2779,1
cell_2780,0
cell_2781,0
cell_2782,0
cell_2783,0
cell_2784,0
cell_2785,1
cell_2786,4
cell_2787,0
cell_2788,0
cell_2789,0
cell_2790,0
cell_2791,0
cell_2792,0
cell_2793,4
cell_2794,0
cell_2795,1
cell_2796,0
cell_2797,4
cell_2798,4
cell_2799,0
cell_2800,0
cell_2801,2
cell_2802,3
cell_2803,0
cell_2804,2
cell_2805,0
cell_2806,3
cell_2807,0
cell_2808,0
cell_2809,0
cell_2810,0
cell_2811,1
cell_2812,0
cell_2813,1
cell_2814,0
cell_2815,0
cell_2816,3
cell_2817,2
cell_2818,2
cell_2819,0
cell_2820,1
cell_2821,0
cell_2822,4
cell_2823,0
cell_2824,0
cell_2825,2
cell_2826,1
cell_2827,1
cell_2828,3
cell_2829,3
cell_2830,0
cell_2831,0
cell_2832,0
cell_2833,3
cell_2834,0
cell_2835,4
cell_2836,3
cell_2837,2
cell_2838,0
cell_2839,2
cell_2840,0
cell_2841,1
cell_2842,0
cell_2843,0
cell_2844,0
cell_2845,1
cell_2846,0
cell_2847,1
cell_2848,0
cell_2849,0
cell_2850,4
cell_2851,1
cell_2852,0
cell_2853,0
cell_2854,4
cell_2855,0
cell_2856,3
cell_2857,0
cell_2858,0
cell_2859,0
cell_2860,0
cell_2861,0
cell_2862,0
cell_2863,2
cell_2864,0
cell_2865,2
cell_2866,2
cell_2867,0
cell_2868,3
cell_2869,1
cell_2870,0
cell_2871,0
cell_2872,1
cell_2873,1
cell_2874,2
cell_2875,1
cell_2876,0
cell_2877,0
cell_2878,2
cell_2879,0
cell_2880,2
cell_2881,2
cell_2882,0
cell_2883,0
cell_2884,3
cell_2885,2
cell_2886,0
cell_2887,0
cell_2888,0
cell_2889,0
cell_2890,0
cell_2891,0
cell_2892,0
cell_2893,0
cell_2894,0
cell_2895,3
cell_2896,0
cell_2897,0
cell_2898,0
cell_2899,0
cell_2900,1
cell_2901,0
cell_2902,3
cell_2903,0
cell_2904,0
cell_2905,2
cell_2906,3
cell_2907,0
cell_2908,0
cell_2909,1
cell_2910,0
cell_2911,0
cell_2912,0
cell_2913,0
cell_2914,0
cell_2915,0
cell_2916,1
cell_2917,0
cell_2918,0
cell_2919,0
cell_2920,0
cell_2921,0
cell_2922,3
cell_2923,0
cell_2924,0
cell_2925,4
cell_2926,1
cell_2927,1
cell_2928,0
cell_2929,1
cell_2930,0
cell_2931,3
cell_2932,4
cell_2933,1
cell_2934,0
cell_2935,3
cell_2936,0
cell_2937,0
cell_2938,1
cell_2939,1
cell_2940,0
cell_2941,0
cell_2942,0
cell_2943,2
cell_2944,1
cell_2945,0
cell_2946,4
cell_2947,3
cell_2948,0
cell_2949,0
cell_2950,3
cell_2951,0
cell_2952,0
cell_2953,4
cell_2954,0
cell_2955,0
cell_2956,3
cell_2957,2
cell_2958,4
cell_2959,0
cell_2960,2
cell_2961,0
cell_2962,1
cell_2963,0
cell_2964,4
cell_2965,0
cell_2966,1
cell_2967,0
cell_2968,0
cell_2969,0
cell_2970,1
cell_2971,1
cell_2972,3
cell_2973,0
cell_2974,0
cell_2975,3
cell_2976,3
cell_2977,4
cell_2978,0
cell_2979,0
cell_2980,0
cell_2981,1
cell_2982,0
cell_2983,1
cell_2984,2
cell_2985,1
cell_2986,4
cell_2987,0
cell_2988,0
cell_2989,2
cell_2990,0
cell_2991,1
cell_2992,4
cell_2993,4
cell_2994,0
cell_2995,1
cell_2996,0
cell_2997,3
cell_2998,3
cell_2999,2
cell_3000,1
cell_3001,0
cell_3002,0
cell_3003,2
cell_3004,0
cell_3005,3
cell_3006,4
cell_3007,2
cell_3008,1
cell_3009,0
cell_3010,0
cell_3011,0
cell_3012,0
cell_3013,1
cell_3014,4
cell_3015,1
cell_3016,1
cell_3017,1
cell_3018,0
cell_3019,1
cell_3020,0
cell_3021,0
cell_3022,0
cell_3023,4
cell_3024,0
cell_3025,0
cell_3026,0
cell_3027,0
cell_3028,1
cell_3029,2
cell_3030,2
cell_3031,2
cell_3032,1
cell_3033,1
cell_3034,0
cell_3035,2
cell_3036,1
cell_3037,3
cell_3038,1
cell_3039,3
cell_3040,0
cell_3041,0
cell_3042,1
cell_3043,4
cell_3044,2
cell_3045,0
cell_3046,0
cell_3047,0
cell_3048,4
cell_3049,2
cell_3050,2
cell_3051,1
cell_3052,4
cell_3053,1
cell_3054,1
cell_3055,4
cell_3056,3
cell_3057,2
cell_3058,1
cell_3059,0
cell_3060,1
cell_3061,2
cell_3062,1
cell_3063,0
cell_3064,0
cell_3065,0
cell_3066,2
cell_3067,1
cell_3068,2
cell_3069,0
cell_3070,2
cell_3071,4
cell_3072,2
cell_3073,1
cell_3074,0
cell_3075,0
cell_3076,1
cell_3077,0
cell_3078,1
cell_3079,4
cell_3080,0
cell_3081,0
cell_3082,4
cell_3083,1
cell_3084,3
cell_3085,3
cell_3086,1
cell_3087,0
cell_3088,0
cell_3089,0
cell_3090,1
cell_3091,0
cell_3092,0
cell_3093,1
cell_3094,1
cell_3095,0
cell_3096,0
cell_3097,0
cell_3098,0
cell_3099,0
cell_3100,3
cell_3101,0
cell_3102,4
cell_3103,3
cell_3104,1
cell_3105,0
cell_3106,0
cell_3107,0
cell_3108,1
cell_3109,1
cell_3110,3
cell_3111,2
cell_3112,2
cell_3113,2
cell_3114,0
cell_3115,1
cell_3116,4
cell_3117,0
cell_3118,0
cell_3119,0
cell_3120,4
cell_3121,0
cell_3122,3
cell_3123,1
cell_3124,2
cell_3125,1
cell_3126,1
cell_3127,0
cell_3128,3
cell_3129,2
cell_3130,0
cell_3131,3
cell_3132,3
cell_3133,1
cell_3134,0
cell_3135,0
cell_3136,2
cell_3137,3
cell_3138,0
cell_3139,0
cell_3140,0
cell_3141,4
cell_3142,1
cell_3143,1
cell_3144,0
cell_3145,1
cell_3146,4
cell_3147,4
cell_3148,1
cell_3149,1
cell_3150,2
cell_3151,0
cell_3152,3
cell_3153,3
cell_3154,2
cell_3155,1
cell_3156,2
cell_3157,2
cell_3158,0
cell_3159,0
cell_3160,0
cell_3161,2
cell_3162,1
cell_3163,1
cell_3164,0
cell_3165,1
cell_3166,1
cell_3167,3
cell_3168,0
cell_3169,0
cell_3170,2
cell_3171,0
cell_3172,2
cell_3173,1
cell_3174,0
cell_3175,1
cell_3176,4
cell_3177,0
cell_3178,3
cell_3179,4
cell_3180,1
cell_3181,0
cell_3182,0
cell_3183,4
cell_3184,1
cell_3185,1
cell_3186,0
cell_3187,4
cell_3188,2
cell_3189,2
cell_3190,0
cell_3191,2
cell_3192,0
cell_3193,0
cell_3194,1
cell_3195,0
cell_3196,0
cell_3197,2
cell_3198,3
cell_3199,2
cell_3200,4
cell_3201,2
cell_3202,4
cell_3203,0
cell_3204,1
cell_3205,0
cell_3206,0
cell_3207,0
cell_3208,1
cell_3209,3
cell_3210,1
cell_3211,2
cell_3212,2
cell_3213,1
cell_3214,0
cell_3215,0
cell_3216,3
cell_3217,0
cell_3218,0
cell_3219,0
cell_3220,2
cell_3221,0
cell_3222,0
cell_3223,0
cell_3224,2
cell_3225,1
cell_3226,0
cell_3227,4
cell_3228,1
cell_3229,0
cell_3230,1
cell_3231,0
cell_3232,0
cell_3233,0
cell_3234,3
cell_3235,4
cell_3236,4
cell_3237,2
cell_3238,0
cell_3239,4
cell_3240,3
cell_3241,0
cell_3242,0
cell_3243,3
cell_3244,2
cell_3245,1
cell_3246,1
cell_3247,1
cell_3248,3
cell_3249,0
cell_3250,2
cell_3251,4
cell_3252,0
cell_3253,3
cell_3254,2
cell_3255,0
cell_3256,3
cell_3257,1
cell_3258,2
cell_3259,4
cell_3260,0
cell_3261,2
cell_3262,1
cell_3263,1
cell_3264,2
cell_3265,0
cell_3266,0
cell_3267,0
cell_3268,0
cell_3269,4
cell_3270,1
cell_3271,1
cell_3272,3
cell_3273,3
cell_3274,1
cell_3275,0
cell_3276,0
cell_3277,0
cell_3278,2
cell_3279,4
cell_3280,1
cell_3281,0
cell_3282,0
cell_3283,2
cell_3284,1
cell_3285,2
cell_3286,2
cell_3287,0
cell_3288,1
cell_3289,0
cell_3290,2
cell_3291,2
cell_3292,1
cell_3293,0
cell_3294,3
cell_3295,1
cell_3296,3
cell_3297,1
cell_3298,2
cell_3299,0
cell_3300,4
cell_3301,0
cell_3302,1
cell_3303,2
cell_3304,0
cell_3305,0
cell_3306,2
cell_3307,4
cell_3308,3
cell_3309,2
cell_3310,2
cell_3311,1
cell_3312,2
cell_3313,2
cell_3314,4
cell_3315,2
cell_3316,0
cell_3317,0
cell_3318,2
cell_3319,0
cell_3320,0
cell_3321,1
cell_3322,1
cell_3323,2
cell_3324,1
cell_3325,2
cell_3326,2
cell_3327,0
cell_3328,2
cell_3329,0
cell_3330,4
cell_3331,0
cell_3332,0
cell_3333,2
cell_3334,2
cell_3335,1
cell_3336,2
cell_3337,4
cell_3338,3
cell_3339,2
cell_3340,0
cell_3341,2
cell_3342,0
cell_3343,3
cell_3344,1
cell_3345,1
cell_3346,0
cell_3347,2
cell_3348,2
cell_3349,2
cell_3350,2
cell_3351,3
cell_3352,2
cell_3353,2
cell_3354,1
cell_3355,0
cell_3356,0
cell_3357,3
cell_3358,0
cell_3359,1
cell_3360,0
cell_3361,1
cell_3362,3
cell_3363,4
cell_3364,3
cell_3365,0
cell_3366,0
cell_3367,0
cell_3368,1
cell_3369,0
cell_3370,4
cell_3371,0
cell_3372,2
cell_3373,1
cell_3374,0
cell_3375,0
cell_3376,0
cell_3377,4
cell_3378,1
cell_3379,3
cell_3380,0
cell_3381,2
cell_3382,1
cell_3383,4
cell_3384,3
cell_3385,0
cell_3386,2
cell_3387,0
cell_3388,0
cell_3389,4
cell_3390,0
cell_3391,2
cell_3392,3
cell_3393,4
cell_3394,1
cell_3395,3
cell_3396,2
cell_3397,1
cell_3398,2
cell_3399,0
cell_3400,2
cell_3401,0
cell_3402,1
cell_3403,4
cell_3404,1
cell_3405,1
cell_3406,0
cell_3407,4
cell_3408,0
cell_3409,0
cell_3410,1
cell_3411,0
cell_3412,0
cell_3413,0
cell_3414,1
cell_3415,2
cell_3416,1
cell_3417,0
cell_3418,2
cell_3419,2
cell_3420,2
cell_3421,0
cell_3422,0
cell_3423,2
cell_3424,1
cell_3425,0
cell_3426,2
cell_3427,0
cell_3428,1
cell_3429,2
cell_3430,1
cell_3431,0
cell_3432,0
cell_3433,1
cell_3434,0
cell_3435,0
cell_3436,0
cell_3437,0
cell_3438,1
cell_3439,1
cell_3440,2
cell_3441,0
cell_3442,2
cell_3443,1
cell_3444,4
cell_3445,3
cell_3446,0
cell_3447,2
cell_3448,4
cell_3449,2
cell_3450,2
cell_3451,0
cell_3452,2
cell_3453,0
cell_3454,1
cell_3455,2
cell_3456,2
cell_3457,3
cell_3458,2
cell_3459,2
cell_3460,4
cell_3461,2
cell_3462,0
cell_3463,0
cell_3464,1
cell_3465,4
cell_3466,0
cell_3467,2
cell_3468,1
cell_3469,3
cell_3470,0
cell_3471,1
cell_3472,2
cell_3473,2
cell_3474,0
cell_3475,0
cell_3476,3
cell_3477,0
cell_3478,0
cell_3479,0
cell_3480,0
cell_3481,0
cell_3482,3
cell_3483,2
cell_3484,2
cell_3485,0
cell_3486,0
cell_3487,2
cell_3488,0
cell_3489,2
cell_3490,0
cell_3491,0
cell_3492,4
cell_3493,0
cell_3494,0
cell_3495,2
cell_3496,0
cell_3497,4
cell_3498,0
cell_3499,2
cell_3500,0
cell_3501,1
cell_3502,3
cell_3503,0
cell_3504,0
cell_3505,2
cell_3506,1
cell_3507,3
cell_3508,0
cell_3509,0
cell_3510,2
cell_3511,1
cell_3512,0
cell_3513,4
cell_3514,0
cell_3515,4
cell_3516,0
cell_3517,0
cell_3518,1
cell_3519,1
cell_3520,1
cell_3521,2
cell_3522,1
cell_3523,2
cell_3524,3
cell_3525,3
cell_3526,0
cell_3527,2
cell_3528,0
cell_3529,0
cell_3530,0
cell_3531,1
cell_3532,4
cell_3533,0
cell_3534,0
cell_3535,0
cell_3536,0
cell_3537,0
cell_3538,4
cell_3539,3
cell_3540,0
cell_3541,0
cell_3542,0
cell_3543,4
cell_3544,0
cell_3545,4
cell_3546,2
cell_3547,0
cell_3548,0
cell_3549,2
cell_3550,2
cell_3551,0
cell_3552,0
cell_3553,1
cell_3554,0
cell_3555,3
cell_3556,0
cell_3557,0
cell_3558,0
cell_3559,2
cell_3560,4
cell_3561,2
cell_3562,2
cell_3563,2
cell_3564,0
cell_3565,0
cell_3566,0
cell_3567,1
cell_3568,0
cell_3569,3
cell_3570,1
cell_3571,4
cell_3572,0
cell_3573,3
cell_3574,1
cell_3575,0
cell_3576,1
cell_3577,0
cell_3578,4
cell_3579,3
cell_3580,0
cell_3581,0
cell_3582,0
cell_3583,1
cell_3584,2
cell_3585,1
cell_3586,4
cell_3587,0
cell_3588,0
cell_3589,0
cell_3590,0
cell_3591,0
cell_3592,0
cell_3593,0
cell_3594,0
cell_3595,0
cell_3596,0
cell_3597,0
cell_3598,0
cell_3599,3
cell_3600,0
cell_3601,1
cell_3602,0
cell_3603,0
cell_3604,2
cell_3605,0
cell_3606,0
cell_3607,2
cell_3608,1
cell_3609,2
cell_3610,0
cell_3611,2
cell_3612,0
cell_3613,0
cell_3614,0
cell_3615,2
cell_3616,3
cell_3617,0
cell_3618,2
cell_3619,3
cell_3620,4
cell_3621,0
cell_3622,0
cell_3623,0
cell_3624,0
cell_3625,0
cell_3626,4
cell_3627,1
cell_3628,1
cell_3629,0
cell_3630,3
cell_3631,1
cell_3632,0
cell_3633,3
cell_3634,1
cell_3635,0
cell_3636,0
cell_3637,0
cell_3638,0
cell_3639,1
cell_3640,0
cell_3641,0
cell_3642,2
cell_3643,2
cell_3644,0
cell_3645,0
cell_3646,0
cell_3647,0
cell_3648,0
cell_3649,0
cell_3650,2
cell_3651,0
cell_3652,3
cell_3653,0
cell_3654,0
cell_3655,4
cell_3656,0
cell_3657,0
cell_3658,2
cell_3659,0
cell_3660,2
cell_3661,2
cell_3662,0
cell_3663,4
cell_3664,3
cell_3665,0
cell_3666,0
cell_3667,2
cell_3668,4
cell_3669,2
cell_3670,0
cell_3671,1
cell_3672,0
cell_3673,0
cell_3674,4
cell_3675,0
cell_3676,0
cell_3677,0
cell_3678,0
cell_3679,1
cell_3680,0
cell_3681,0
cell_3682,1
cell_3683,0
cell_3684,0
cell_3685,0
cell_3686,0
cell_3687,0
cell_3688,0
cell_3689,2
cell_3690,0
cell_3691,0
cell_3692,1
cell_3693,0
cell_3694,1
cell_3695,1
cell_3696,0
cell_3697,0
cell_3698,0
cell_3699,0
cell_3700,0
cell_3701,4
cell_3702,3
cell_3703,0
cell_3704,1
cell_3705,2
cell_3706,1
cell_3707,0
cell_3708,0
cell_3709,0
cell_3710,4
cell_3711,4
cell_3712,0
cell_3713,0
cell_3714,0
cell_3715,0
cell_3716,2
cell_3717,0
cell_3718,0
cell_3719,0
cell_3720,2
cell_3721,2
cell_3722,4
cell_3723,2
cell_3724,1
cell_3725,1
cell_3726,0
cell_3727,0
cell_3728,0
cell_3729,0
cell_3730,0
cell_3731,0
cell_3732,2
cell_3733,0
cell_3734,0
cell_3735,2
cell_3736,0
cell_3737,0
cell_3738,0
cell_3739,0
cell_3740,0
cell_3741,0
cell_3742,1
cell_3743,4
cell_3744,0
cell_3745,1
cell_3746,1
cell_3747,0
cell_3748,0
cell_3749,0
cell_3750,0
cell_3751,0
cell_3752,0
cell_3753,0
cell_3754,4
cell_3755,2
cell_3756,2
cell_3757,2
cell_3758,0
cell_3759,0
cell_3760,0
cell_3761,0
cell_3762,4
cell_3763,0
cell_3764,2
cell_3765,0
cell_3766,3
cell_3767,0
cell_3768,1
cell_3769,0
cell_3770,3
cell_3771,0
cell_3772,0
cell_3773,0
cell_3774,0
cell_3775,0
cell_3776,2
cell_3777,0
cell_3778,1
cell_3779,0
cell_3780,0
cell_3781,4
cell_3782,0
cell_3783,0
cell_3784,0
cell_3785,0
cell_3786,0
cell_3787,0
cell_3788,3
cell_3789,1
cell_3790,4
cell_3791,2
cell_3792,0
cell_3793,2
cell_3794,0
cell_3795,0
cell_3796,0
cell_3797,0
cell_3798,0
cell_3799,1
cell_3800,0
cell_3801,0
cell_3802,0
cell_3803,0
cell_3804,0
cell_3805,4
cell_3806,0
cell_3807,0
cell_3808,0
cell_3809,0
cell_3810,0
cell_3811,0
cell_3812,0
cell_3813,3
cell_3814,3
cell_3815,0
cell_3816,0
cell_3817,2
cell_3818,3
cell_3819,0
cell_3820,0
cell_3821,0
cell_3822,1
