,PBMC4kBASIC_noDR
cell_1,1
cell_2,1
cell_3,1
cell_4,0
cell_5,0
cell_6,0
cell_7,2
cell_8,1
cell_9,2
cell_10,1
cell_11,2
cell_12,0
cell_13,0
cell_14,0
cell_15,1
cell_16,0
cell_17,0
cell_18,1
cell_19,0
cell_20,1
cell_21,0
cell_22,0
cell_23,0
cell_24,2
cell_25,0
cell_26,1
cell_27,0
cell_28,3
cell_29,0
cell_30,1
cell_31,0
cell_32,0
cell_33,3
cell_34,1
cell_35,0
cell_36,0
cell_37,0
cell_38,1
cell_39,1
cell_40,2
cell_41,2
cell_42,2
cell_43,1
cell_44,1
cell_45,1
cell_46,0
cell_47,0
cell_48,1
cell_49,0
cell_50,0
cell_51,1
cell_52,0
cell_53,0
cell_54,1
cell_55,2
cell_56,1
cell_57,0
cell_58,0
cell_59,2
cell_60,0
cell_61,0
cell_62,1
cell_63,0
cell_64,1
cell_65,1
cell_66,0
cell_67,0
cell_68,2
cell_69,0
cell_70,1
cell_71,0
cell_72,0
cell_73,0
cell_74,0
cell_75,0
cell_76,0
cell_77,1
cell_78,1
cell_79,1
cell_80,0
cell_81,0
cell_82,1
cell_83,0
cell_84,0
cell_85,1
cell_86,1
cell_87,0
cell_88,0
cell_89,0
cell_90,0
cell_91,1
cell_92,0
cell_93,0
cell_94,1
cell_95,3
cell_96,0
cell_97,0
cell_98,2
cell_99,0
cell_100,0
cell_101,2
cell_102,0
cell_103,0
cell_104,1
cell_105,3
cell_106,0
cell_107,2
cell_108,0
cell_109,0
cell_110,0
cell_111,0
cell_112,0
cell_113,0
cell_114,0
cell_115,0
cell_116,2
cell_117,1
cell_118,3
cell_119,0
cell_120,2
cell_121,3
cell_122,0
cell_123,3
cell_124,2
cell_125,0
cell_126,0
cell_127,0
cell_128,2
cell_129,2
cell_130,0
cell_131,1
cell_132,2
cell_133,1
cell_134,0
cell_135,0
cell_136,0
cell_137,0
cell_138,2
cell_139,0
cell_140,0
cell_141,1
cell_142,0
cell_143,0
cell_144,3
cell_145,0
cell_146,0
cell_147,1
cell_148,1
cell_149,1
cell_150,0
cell_151,0
cell_152,1
cell_153,0
cell_154,0
cell_155,1
cell_156,2
cell_157,2
cell_158,0
cell_159,2
cell_160,1
cell_161,1
cell_162,0
cell_163,1
cell_164,1
cell_165,0
cell_166,0
cell_167,2
cell_168,0
cell_169,1
cell_170,0
cell_171,2
cell_172,1
cell_173,0
cell_174,3
cell_175,0
cell_176,0
cell_177,0
cell_178,0
cell_179,3
cell_180,2
cell_181,0
cell_182,1
cell_183,0
cell_184,3
cell_185,2
cell_186,1
cell_187,0
cell_188,3
cell_189,0
cell_190,2
cell_191,3
cell_192,2
cell_193,2
cell_194,1
cell_195,1
cell_196,0
cell_197,0
cell_198,1
cell_199,2
cell_200,0
cell_201,0
cell_202,1
cell_203,1
cell_204,1
cell_205,1
cell_206,0
cell_207,0
cell_208,3
cell_209,0
cell_210,0
cell_211,0
cell_212,0
cell_213,0
cell_214,0
cell_215,0
cell_216,0
cell_217,1
cell_218,0
cell_219,2
cell_220,0
cell_221,1
cell_222,0
cell_223,0
cell_224,0
cell_225,1
cell_226,1
cell_227,0
cell_228,1
cell_229,0
cell_230,3
cell_231,3
cell_232,0
cell_233,0
cell_234,2
cell_235,0
cell_236,0
cell_237,0
cell_238,0
cell_239,1
cell_240,1
cell_241,0
cell_242,0
cell_243,0
cell_244,2
cell_245,0
cell_246,0
cell_247,1
cell_248,0
cell_249,2
cell_250,1
cell_251,0
cell_252,0
cell_253,1
cell_254,3
cell_255,0
cell_256,0
cell_257,1
cell_258,0
cell_259,0
cell_260,0
cell_261,0
cell_262,1
cell_263,0
cell_264,0
cell_265,0
cell_266,2
cell_267,0
cell_268,0
cell_269,2
cell_270,0
cell_271,0
cell_272,0
cell_273,2
cell_274,2
cell_275,2
cell_276,0
cell_277,1
cell_278,1
cell_279,0
cell_280,1
cell_281,0
cell_282,0
cell_283,0
cell_284,0
cell_285,2
cell_286,2
cell_287,0
cell_288,0
cell_289,1
cell_290,1
cell_291,2
cell_292,3
cell_293,0
cell_294,1
cell_295,2
cell_296,2
cell_297,0
cell_298,0
cell_299,0
cell_300,0
cell_301,0
cell_302,0
cell_303,2
cell_304,0
cell_305,1
cell_306,2
cell_307,1
cell_308,0
cell_309,2
cell_310,1
cell_311,0
cell_312,0
cell_313,2
cell_314,2
cell_315,3
cell_316,0
cell_317,0
cell_318,2
cell_319,0
cell_320,0
cell_321,0
cell_322,0
cell_323,0
cell_324,0
cell_325,2
cell_326,0
cell_327,1
cell_328,0
cell_329,1
cell_330,0
cell_331,1
cell_332,0
cell_333,2
cell_334,3
cell_335,2
cell_336,0
cell_337,0
cell_338,1
cell_339,1
cell_340,0
cell_341,2
cell_342,1
cell_343,1
cell_344,1
cell_345,0
cell_346,0
cell_347,3
cell_348,1
cell_349,0
cell_350,1
cell_351,1
cell_352,0
cell_353,1
cell_354,1
cell_355,0
cell_356,2
cell_357,0
cell_358,0
cell_359,2
cell_360,0
cell_361,1
cell_362,0
cell_363,2
cell_364,2
cell_365,2
cell_366,2
cell_367,0
cell_368,0
cell_369,0
cell_370,1
cell_371,2
cell_372,0
cell_373,1
cell_374,3
cell_375,0
cell_376,2
cell_377,3
cell_378,0
cell_379,1
cell_380,1
cell_381,0
cell_382,0
cell_383,0
cell_384,1
cell_385,0
cell_386,1
cell_387,0
cell_388,1
cell_389,0
cell_390,1
cell_391,0
cell_392,1
cell_393,2
cell_394,0
cell_395,0
cell_396,1
cell_397,2
cell_398,1
cell_399,0
cell_400,0
cell_401,1
cell_402,0
cell_403,0
cell_404,1
cell_405,1
cell_406,0
cell_407,2
cell_408,0
cell_409,0
cell_410,0
cell_411,0
cell_412,1
cell_413,1
cell_414,0
cell_415,0
cell_416,1
cell_417,0
cell_418,0
cell_419,2
cell_420,2
cell_421,1
cell_422,1
cell_423,0
cell_424,1
cell_425,1
cell_426,1
cell_427,0
cell_428,0
cell_429,0
cell_430,1
cell_431,2
cell_432,0
cell_433,1
cell_434,2
cell_435,0
cell_436,1
cell_437,1
cell_438,0
cell_439,0
cell_440,0
cell_441,3
cell_442,1
cell_443,2
cell_444,0
cell_445,0
cell_446,0
cell_447,1
cell_448,2
cell_449,0
cell_450,0
cell_451,0
cell_452,1
cell_453,1
cell_454,1
cell_455,1
cell_456,0
cell_457,0
cell_458,2
cell_459,1
cell_460,0
cell_461,1
cell_462,0
cell_463,0
cell_464,0
cell_465,3
cell_466,2
cell_467,1
cell_468,0
cell_469,3
cell_470,0
cell_471,1
cell_472,0
cell_473,0
cell_474,0
cell_475,0
cell_476,2
cell_477,0
cell_478,0
cell_479,0
cell_480,1
cell_481,1
cell_482,0
cell_483,2
cell_484,0
cell_485,1
cell_486,2
cell_487,0
cell_488,2
cell_489,0
cell_490,0
cell_491,0
cell_492,1
cell_493,0
cell_494,2
cell_495,0
cell_496,0
cell_497,0
cell_498,1
cell_499,2
cell_500,1
cell_501,0
cell_502,0
cell_503,0
cell_504,0
cell_505,0
cell_506,1
cell_507,1
cell_508,0
cell_509,0
cell_510,0
cell_511,0
cell_512,0
cell_513,2
cell_514,0
cell_515,2
cell_516,2
cell_517,1
cell_518,0
cell_519,0
cell_520,1
cell_521,2
cell_522,0
cell_523,1
cell_524,1
cell_525,1
cell_526,0
cell_527,3
cell_528,1
cell_529,1
cell_530,2
cell_531,1
cell_532,0
cell_533,0
cell_534,0
cell_535,0
cell_536,0
cell_537,0
cell_538,0
cell_539,3
cell_540,1
cell_541,1
cell_542,0
cell_543,0
cell_544,2
cell_545,1
cell_546,0
cell_547,0
cell_548,0
cell_549,3
cell_550,0
cell_551,2
cell_552,1
cell_553,1
cell_554,1
cell_555,1
cell_556,1
cell_557,0
cell_558,0
cell_559,0
cell_560,0
cell_561,1
cell_562,0
cell_563,2
cell_564,1
cell_565,1
cell_566,0
cell_567,1
cell_568,0
cell_569,2
cell_570,1
cell_571,0
cell_572,1
cell_573,1
cell_574,1
cell_575,3
cell_576,0
cell_577,2
cell_578,1
cell_579,0
cell_580,1
cell_581,0
cell_582,0
cell_583,0
cell_584,1
cell_585,1
cell_586,0
cell_587,1
cell_588,0
cell_589,0
cell_590,0
cell_591,1
cell_592,1
cell_593,0
cell_594,0
cell_595,1
cell_596,1
cell_597,0
cell_598,1
cell_599,0
cell_600,0
cell_601,1
cell_602,1
cell_603,1
cell_604,0
cell_605,2
cell_606,1
cell_607,1
cell_608,1
cell_609,0
cell_610,0
cell_611,1
cell_612,3
cell_613,1
cell_614,0
cell_615,0
cell_616,0
cell_617,1
cell_618,0
cell_619,2
cell_620,0
cell_621,1
cell_622,1
cell_623,1
cell_624,0
cell_625,0
cell_626,0
cell_627,2
cell_628,0
cell_629,0
cell_630,0
cell_631,0
cell_632,1
cell_633,2
cell_634,2
cell_635,0
cell_636,0
cell_637,1
cell_638,1
cell_639,2
cell_640,0
cell_641,0
cell_642,0
cell_643,1
cell_644,1
cell_645,3
cell_646,0
cell_647,0
cell_648,1
cell_649,0
cell_650,0
cell_651,0
cell_652,0
cell_653,0
cell_654,1
cell_655,0
cell_656,0
cell_657,0
cell_658,1
cell_659,2
cell_660,1
cell_661,0
cell_662,0
cell_663,1
cell_664,0
cell_665,1
cell_666,0
cell_667,1
cell_668,0
cell_669,0
cell_670,0
cell_671,0
cell_672,2
cell_673,1
cell_674,0
cell_675,1
cell_676,0
cell_677,2
cell_678,0
cell_679,2
cell_680,0
cell_681,0
cell_682,0
cell_683,0
cell_684,0
cell_685,1
cell_686,2
cell_687,0
cell_688,0
cell_689,0
cell_690,2
cell_691,0
cell_692,1
cell_693,1
cell_694,1
cell_695,1
cell_696,3
cell_697,2
cell_698,1
cell_699,1
cell_700,0
cell_701,0
cell_702,1
cell_703,0
cell_704,0
cell_705,1
cell_706,0
cell_707,0
cell_708,0
cell_709,3
cell_710,1
cell_711,1
cell_712,0
cell_713,0
cell_714,3
cell_715,0
cell_716,0
cell_717,0
cell_718,0
cell_719,0
cell_720,1
cell_721,0
cell_722,2
cell_723,0
cell_724,0
cell_725,1
cell_726,1
cell_727,0
cell_728,3
cell_729,3
cell_730,1
cell_731,0
cell_732,0
cell_733,1
cell_734,2
cell_735,2
cell_736,1
cell_737,0
cell_738,0
cell_739,0
cell_740,1
cell_741,0
cell_742,2
cell_743,0
cell_744,0
cell_745,0
cell_746,0
cell_747,1
cell_748,2
cell_749,1
cell_750,1
cell_751,0
cell_752,0
cell_753,0
cell_754,0
cell_755,0
cell_756,2
cell_757,3
cell_758,0
cell_759,0
cell_760,0
cell_761,1
cell_762,2
cell_763,0
cell_764,1
cell_765,1
cell_766,1
cell_767,1
cell_768,1
cell_769,1
cell_770,0
cell_771,0
cell_772,3
cell_773,0
cell_774,0
cell_775,1
cell_776,2
cell_777,0
cell_778,0
cell_779,2
cell_780,0
cell_781,0
cell_782,2
cell_783,0
cell_784,0
cell_785,0
cell_786,1
cell_787,0
cell_788,1
cell_789,0
cell_790,0
cell_791,1
cell_792,0
cell_793,2
cell_794,0
cell_795,0
cell_796,2
cell_797,2
cell_798,2
cell_799,1
cell_800,0
cell_801,0
cell_802,0
cell_803,0
cell_804,1
cell_805,1
cell_806,2
cell_807,0
cell_808,1
cell_809,0
cell_810,1
cell_811,0
cell_812,0
cell_813,0
cell_814,0
cell_815,0
cell_816,0
cell_817,1
cell_818,0
cell_819,2
cell_820,0
cell_821,0
cell_822,1
cell_823,0
cell_824,0
cell_825,2
cell_826,0
cell_827,1
cell_828,2
cell_829,2
cell_830,0
cell_831,0
cell_832,2
cell_833,1
cell_834,0
cell_835,0
cell_836,0
cell_837,0
cell_838,0
cell_839,0
cell_840,0
cell_841,0
cell_842,0
cell_843,0
cell_844,0
cell_845,0
cell_846,0
cell_847,1
cell_848,1
cell_849,1
cell_850,0
cell_851,2
cell_852,0
cell_853,1
cell_854,2
cell_855,2
cell_856,1
cell_857,0
cell_858,1
cell_859,0
cell_860,0
cell_861,1
cell_862,2
cell_863,1
cell_864,2
cell_865,1
cell_866,0
cell_867,0
cell_868,0
cell_869,0
cell_870,0
cell_871,1
cell_872,3
cell_873,0
cell_874,1
cell_875,0
cell_876,0
cell_877,0
cell_878,2
cell_879,0
cell_880,1
cell_881,1
cell_882,1
cell_883,3
cell_884,0
cell_885,0
cell_886,0
cell_887,0
cell_888,2
cell_889,3
cell_890,0
cell_891,0
cell_892,3
cell_893,2
cell_894,1
cell_895,0
cell_896,1
cell_897,1
cell_898,0
cell_899,2
cell_900,0
cell_901,0
cell_902,0
cell_903,2
cell_904,0
cell_905,0
cell_906,2
cell_907,1
cell_908,0
cell_909,1
cell_910,2
cell_911,1
cell_912,0
cell_913,2
cell_914,0
cell_915,2
cell_916,2
cell_917,1
cell_918,2
cell_919,0
cell_920,2
cell_921,0
cell_922,1
cell_923,0
cell_924,2
cell_925,0
cell_926,0
cell_927,0
cell_928,0
cell_929,0
cell_930,2
cell_931,0
cell_932,1
cell_933,0
cell_934,0
cell_935,0
cell_936,2
cell_937,1
cell_938,0
cell_939,2
cell_940,1
cell_941,0
cell_942,0
cell_943,1
cell_944,0
cell_945,1
cell_946,3
cell_947,0
cell_948,1
cell_949,2
cell_950,0
cell_951,2
cell_952,1
cell_953,0
cell_954,1
cell_955,0
cell_956,1
cell_957,0
cell_958,0
cell_959,0
cell_960,2
cell_961,1
cell_962,1
cell_963,3
cell_964,1
cell_965,1
cell_966,2
cell_967,1
cell_968,0
cell_969,1
cell_970,0
cell_971,3
cell_972,0
cell_973,2
cell_974,0
cell_975,0
cell_976,0
cell_977,1
cell_978,0
cell_979,1
cell_980,0
cell_981,2
cell_982,0
cell_983,0
cell_984,1
cell_985,0
cell_986,0
cell_987,2
cell_988,0
cell_989,2
cell_990,3
cell_991,0
cell_992,0
cell_993,1
cell_994,1
cell_995,2
cell_996,0
cell_997,0
cell_998,1
cell_999,1
cell_1000,0
cell_1001,1
cell_1002,0
cell_1003,1
cell_1004,0
cell_1005,1
cell_1006,0
cell_1007,1
cell_1008,3
cell_1009,0
cell_1010,0
cell_1011,0
cell_1012,0
cell_1013,2
cell_1014,1
cell_1015,3
cell_1016,1
cell_1017,0
cell_1018,0
cell_1019,0
cell_1020,0
cell_1021,0
cell_1022,0
cell_1023,2
cell_1024,1
cell_1025,0
cell_1026,0
cell_1027,1
cell_1028,0
cell_1029,0
cell_1030,1
cell_1031,3
cell_1032,1
cell_1033,0
cell_1034,0
cell_1035,0
cell_1036,0
cell_1037,0
cell_1038,0
cell_1039,1
cell_1040,0
cell_1041,0
cell_1042,0
cell_1043,0
cell_1044,1
cell_1045,0
cell_1046,0
cell_1047,1
cell_1048,0
cell_1049,1
cell_1050,2
cell_1051,0
cell_1052,0
cell_1053,3
cell_1054,1
cell_1055,0
cell_1056,0
cell_1057,2
cell_1058,0
cell_1059,0
cell_1060,2
cell_1061,2
cell_1062,0
cell_1063,1
cell_1064,0
cell_1065,1
cell_1066,1
cell_1067,2
cell_1068,1
cell_1069,1
cell_1070,1
cell_1071,0
cell_1072,0
cell_1073,2
cell_1074,0
cell_1075,0
cell_1076,1
cell_1077,2
cell_1078,0
cell_1079,0
cell_1080,0
cell_1081,0
cell_1082,0
cell_1083,0
cell_1084,1
cell_1085,1
cell_1086,0
cell_1087,0
cell_1088,0
cell_1089,1
cell_1090,1
cell_1091,1
cell_1092,0
cell_1093,1
cell_1094,0
cell_1095,0
cell_1096,0
cell_1097,2
cell_1098,0
cell_1099,0
cell_1100,2
cell_1101,1
cell_1102,0
cell_1103,3
cell_1104,0
cell_1105,2
cell_1106,1
cell_1107,2
cell_1108,2
cell_1109,0
cell_1110,0
cell_1111,0
cell_1112,0
cell_1113,0
cell_1114,0
cell_1115,2
cell_1116,0
cell_1117,1
cell_1118,0
cell_1119,1
cell_1120,0
cell_1121,2
cell_1122,0
cell_1123,2
cell_1124,0
cell_1125,2
cell_1126,0
cell_1127,0
cell_1128,1
cell_1129,0
cell_1130,0
cell_1131,1
cell_1132,2
cell_1133,2
cell_1134,0
cell_1135,3
cell_1136,0
cell_1137,0
cell_1138,0
cell_1139,2
cell_1140,0
cell_1141,3
cell_1142,0
cell_1143,3
cell_1144,1
cell_1145,0
cell_1146,2
cell_1147,2
cell_1148,0
cell_1149,0
cell_1150,2
cell_1151,1
cell_1152,0
cell_1153,1
cell_1154,2
cell_1155,0
cell_1156,1
cell_1157,0
cell_1158,0
cell_1159,0
cell_1160,0
cell_1161,0
cell_1162,2
cell_1163,2
cell_1164,0
cell_1165,0
cell_1166,0
cell_1167,0
cell_1168,1
cell_1169,0
cell_1170,0
cell_1171,0
cell_1172,1
cell_1173,1
cell_1174,2
cell_1175,0
cell_1176,0
cell_1177,0
cell_1178,2
cell_1179,2
cell_1180,2
cell_1181,0
cell_1182,2
cell_1183,1
cell_1184,0
cell_1185,0
cell_1186,2
cell_1187,2
cell_1188,0
cell_1189,0
cell_1190,0
cell_1191,0
cell_1192,0
cell_1193,1
cell_1194,0
cell_1195,0
cell_1196,0
cell_1197,1
cell_1198,0
cell_1199,0
cell_1200,2
cell_1201,0
cell_1202,0
cell_1203,1
cell_1204,1
cell_1205,2
cell_1206,0
cell_1207,0
cell_1208,1
cell_1209,0
cell_1210,3
cell_1211,1
cell_1212,0
cell_1213,1
cell_1214,2
cell_1215,1
cell_1216,0
cell_1217,1
cell_1218,0
cell_1219,0
cell_1220,2
cell_1221,1
cell_1222,3
cell_1223,1
cell_1224,0
cell_1225,0
cell_1226,0
cell_1227,0
cell_1228,0
cell_1229,1
cell_1230,0
cell_1231,0
cell_1232,0
cell_1233,1
cell_1234,0
cell_1235,1
cell_1236,0
cell_1237,3
cell_1238,3
cell_1239,1
cell_1240,1
cell_1241,1
cell_1242,2
cell_1243,0
cell_1244,0
cell_1245,0
cell_1246,2
cell_1247,1
cell_1248,1
cell_1249,0
cell_1250,0
cell_1251,1
cell_1252,2
cell_1253,1
cell_1254,0
cell_1255,0
cell_1256,0
cell_1257,0
cell_1258,1
cell_1259,3
cell_1260,1
cell_1261,1
cell_1262,2
cell_1263,0
cell_1264,2
cell_1265,3
cell_1266,0
cell_1267,0
cell_1268,2
cell_1269,0
cell_1270,0
cell_1271,0
cell_1272,2
cell_1273,1
cell_1274,1
cell_1275,0
cell_1276,1
cell_1277,0
cell_1278,0
cell_1279,0
cell_1280,0
cell_1281,0
cell_1282,0
cell_1283,0
cell_1284,2
cell_1285,2
cell_1286,2
cell_1287,3
cell_1288,1
cell_1289,0
cell_1290,2
cell_1291,1
cell_1292,1
cell_1293,0
cell_1294,1
cell_1295,1
cell_1296,0
cell_1297,0
cell_1298,0
cell_1299,1
cell_1300,1
cell_1301,1
cell_1302,2
cell_1303,0
cell_1304,2
cell_1305,0
cell_1306,0
cell_1307,2
cell_1308,2
cell_1309,0
cell_1310,0
cell_1311,1
cell_1312,0
cell_1313,1
cell_1314,2
cell_1315,0
cell_1316,0
cell_1317,1
cell_1318,0
cell_1319,0
cell_1320,0
cell_1321,2
cell_1322,2
cell_1323,0
cell_1324,0
cell_1325,1
cell_1326,1
cell_1327,1
cell_1328,1
cell_1329,0
cell_1330,0
cell_1331,0
cell_1332,0
cell_1333,3
cell_1334,2
cell_1335,1
cell_1336,0
cell_1337,1
cell_1338,1
cell_1339,1
cell_1340,1
cell_1341,2
cell_1342,2
cell_1343,3
cell_1344,2
cell_1345,1
cell_1346,1
cell_1347,1
cell_1348,0
cell_1349,0
cell_1350,0
cell_1351,0
cell_1352,0
cell_1353,0
cell_1354,0
cell_1355,0
cell_1356,1
cell_1357,2
cell_1358,0
cell_1359,0
cell_1360,1
cell_1361,1
cell_1362,1
cell_1363,1
cell_1364,0
cell_1365,0
cell_1366,1
cell_1367,0
cell_1368,2
cell_1369,0
cell_1370,2
cell_1371,0
cell_1372,0
cell_1373,1
cell_1374,0
cell_1375,0
cell_1376,0
cell_1377,0
cell_1378,1
cell_1379,2
cell_1380,2
cell_1381,0
cell_1382,0
cell_1383,0
cell_1384,1
cell_1385,2
cell_1386,0
cell_1387,0
cell_1388,0
cell_1389,2
cell_1390,1
cell_1391,0
cell_1392,2
cell_1393,1
cell_1394,1
cell_1395,1
cell_1396,0
cell_1397,0
cell_1398,0
cell_1399,2
cell_1400,1
cell_1401,1
cell_1402,0
cell_1403,2
cell_1404,0
cell_1405,1
cell_1406,0
cell_1407,0
cell_1408,0
cell_1409,2
cell_1410,0
cell_1411,0
cell_1412,2
cell_1413,0
cell_1414,0
cell_1415,0
cell_1416,2
cell_1417,0
cell_1418,0
cell_1419,0
cell_1420,1
cell_1421,1
cell_1422,3
cell_1423,2
cell_1424,0
cell_1425,0
cell_1426,1
cell_1427,0
cell_1428,3
cell_1429,0
cell_1430,1
cell_1431,1
cell_1432,0
cell_1433,0
cell_1434,1
cell_1435,2
cell_1436,0
cell_1437,1
cell_1438,2
cell_1439,0
cell_1440,0
cell_1441,0
cell_1442,0
cell_1443,0
cell_1444,2
cell_1445,1
cell_1446,1
cell_1447,1
cell_1448,3
cell_1449,2
cell_1450,1
cell_1451,0
cell_1452,0
cell_1453,1
cell_1454,0
cell_1455,0
cell_1456,0
cell_1457,1
cell_1458,1
cell_1459,0
cell_1460,3
cell_1461,1
cell_1462,2
cell_1463,1
cell_1464,0
cell_1465,1
cell_1466,2
cell_1467,1
cell_1468,0
cell_1469,0
cell_1470,0
cell_1471,0
cell_1472,2
cell_1473,0
cell_1474,0
cell_1475,0
cell_1476,1
cell_1477,2
cell_1478,2
cell_1479,2
cell_1480,1
cell_1481,0
cell_1482,0
cell_1483,2
cell_1484,1
cell_1485,0
cell_1486,0
cell_1487,1
cell_1488,0
cell_1489,2
cell_1490,1
cell_1491,3
cell_1492,2
cell_1493,0
cell_1494,0
cell_1495,1
cell_1496,3
cell_1497,0
cell_1498,0
cell_1499,0
cell_1500,0
cell_1501,0
cell_1502,0
cell_1503,1
cell_1504,0
cell_1505,0
cell_1506,2
cell_1507,2
cell_1508,1
cell_1509,0
cell_1510,0
cell_1511,0
cell_1512,1
cell_1513,0
cell_1514,0
cell_1515,0
cell_1516,2
cell_1517,1
cell_1518,0
cell_1519,0
cell_1520,2
cell_1521,1
cell_1522,0
cell_1523,1
cell_1524,0
cell_1525,2
cell_1526,0
cell_1527,1
cell_1528,0
cell_1529,0
cell_1530,2
cell_1531,2
cell_1532,1
cell_1533,0
cell_1534,0
cell_1535,0
cell_1536,0
cell_1537,0
cell_1538,1
cell_1539,0
cell_1540,0
cell_1541,3
cell_1542,3
cell_1543,0
cell_1544,0
cell_1545,0
cell_1546,1
cell_1547,1
cell_1548,1
cell_1549,1
cell_1550,0
cell_1551,0
cell_1552,2
cell_1553,2
cell_1554,3
cell_1555,1
cell_1556,0
cell_1557,0
cell_1558,0
cell_1559,2
cell_1560,0
cell_1561,0
cell_1562,2
cell_1563,3
cell_1564,0
cell_1565,0
cell_1566,0
cell_1567,0
cell_1568,0
cell_1569,1
cell_1570,0
cell_1571,1
cell_1572,0
cell_1573,0
cell_1574,0
cell_1575,0
cell_1576,0
cell_1577,1
cell_1578,0
cell_1579,0
cell_1580,0
cell_1581,0
cell_1582,0
cell_1583,1
cell_1584,0
cell_1585,0
cell_1586,0
cell_1587,0
cell_1588,0
cell_1589,2
cell_1590,0
cell_1591,1
cell_1592,1
cell_1593,0
cell_1594,0
cell_1595,0
cell_1596,2
cell_1597,0
cell_1598,0
cell_1599,0
cell_1600,1
cell_1601,1
cell_1602,1
cell_1603,0
cell_1604,0
cell_1605,2
cell_1606,3
cell_1607,2
cell_1608,0
cell_1609,0
cell_1610,0
cell_1611,0
cell_1612,0
cell_1613,0
cell_1614,0
cell_1615,1
cell_1616,1
cell_1617,0
cell_1618,2
cell_1619,0
cell_1620,1
cell_1621,0
cell_1622,1
cell_1623,0
cell_1624,0
cell_1625,1
cell_1626,0
cell_1627,3
cell_1628,1
cell_1629,1
cell_1630,1
cell_1631,1
cell_1632,0
cell_1633,0
cell_1634,2
cell_1635,0
cell_1636,1
cell_1637,0
cell_1638,0
cell_1639,0
cell_1640,3
cell_1641,1
cell_1642,0
cell_1643,1
cell_1644,1
cell_1645,1
cell_1646,1
cell_1647,3
cell_1648,1
cell_1649,2
cell_1650,2
cell_1651,1
cell_1652,0
cell_1653,1
cell_1654,1
cell_1655,1
cell_1656,0
cell_1657,0
cell_1658,0
cell_1659,1
cell_1660,0
cell_1661,1
cell_1662,1
cell_1663,2
cell_1664,1
cell_1665,0
cell_1666,2
cell_1667,0
cell_1668,0
cell_1669,0
cell_1670,1
cell_1671,0
cell_1672,2
cell_1673,1
cell_1674,0
cell_1675,1
cell_1676,0
cell_1677,1
cell_1678,0
cell_1679,2
cell_1680,0
cell_1681,1
cell_1682,0
cell_1683,1
cell_1684,0
cell_1685,1
cell_1686,0
cell_1687,0
cell_1688,0
cell_1689,0
cell_1690,0
cell_1691,0
cell_1692,2
cell_1693,1
cell_1694,0
cell_1695,0
cell_1696,2
cell_1697,0
cell_1698,0
cell_1699,0
cell_1700,1
cell_1701,1
cell_1702,3
cell_1703,0
cell_1704,2
cell_1705,0
cell_1706,1
cell_1707,1
cell_1708,0
cell_1709,1
cell_1710,1
cell_1711,0
cell_1712,0
cell_1713,0
cell_1714,0
cell_1715,0
cell_1716,1
cell_1717,0
cell_1718,0
cell_1719,2
cell_1720,1
cell_1721,3
cell_1722,0
cell_1723,2
cell_1724,2
cell_1725,1
cell_1726,0
cell_1727,0
cell_1728,1
cell_1729,1
cell_1730,0
cell_1731,1
cell_1732,0
cell_1733,2
cell_1734,2
cell_1735,1
cell_1736,1
cell_1737,1
cell_1738,0
cell_1739,1
cell_1740,3
cell_1741,0
cell_1742,3
cell_1743,0
cell_1744,0
cell_1745,1
cell_1746,0
cell_1747,0
cell_1748,0
cell_1749,0
cell_1750,1
cell_1751,1
cell_1752,0
cell_1753,1
cell_1754,2
cell_1755,0
cell_1756,0
cell_1757,2
cell_1758,1
cell_1759,1
cell_1760,1
cell_1761,0
cell_1762,0
cell_1763,1
cell_1764,0
cell_1765,0
cell_1766,0
cell_1767,0
cell_1768,1
cell_1769,0
cell_1770,0
cell_1771,0
cell_1772,0
cell_1773,1
cell_1774,1
cell_1775,2
cell_1776,0
cell_1777,2
cell_1778,2
cell_1779,1
cell_1780,1
cell_1781,0
cell_1782,0
cell_1783,0
cell_1784,1
cell_1785,3
cell_1786,0
cell_1787,0
cell_1788,1
cell_1789,0
cell_1790,0
cell_1791,0
cell_1792,0
cell_1793,0
cell_1794,0
cell_1795,2
cell_1796,0
cell_1797,2
cell_1798,0
cell_1799,2
cell_1800,0
cell_1801,2
cell_1802,0
cell_1803,1
cell_1804,0
cell_1805,2
cell_1806,3
cell_1807,0
cell_1808,3
cell_1809,0
cell_1810,1
cell_1811,0
cell_1812,3
cell_1813,1
cell_1814,0
cell_1815,0
cell_1816,2
cell_1817,0
cell_1818,0
cell_1819,1
cell_1820,1
cell_1821,1
cell_1822,0
cell_1823,3
cell_1824,2
cell_1825,0
cell_1826,0
cell_1827,3
cell_1828,0
cell_1829,1
cell_1830,0
cell_1831,1
cell_1832,0
cell_1833,0
cell_1834,2
cell_1835,0
cell_1836,1
cell_1837,1
cell_1838,0
cell_1839,0
cell_1840,2
cell_1841,0
cell_1842,2
cell_1843,0
cell_1844,0
cell_1845,0
cell_1846,0
cell_1847,0
cell_1848,0
cell_1849,1
cell_1850,0
cell_1851,1
cell_1852,2
cell_1853,0
cell_1854,2
cell_1855,0
cell_1856,0
cell_1857,1
cell_1858,2
cell_1859,2
cell_1860,0
cell_1861,1
cell_1862,0
cell_1863,0
cell_1864,0
cell_1865,0
cell_1866,0
cell_1867,0
cell_1868,0
cell_1869,0
cell_1870,0
cell_1871,0
cell_1872,0
cell_1873,0
cell_1874,0
cell_1875,0
cell_1876,2
cell_1877,0
cell_1878,0
cell_1879,0
cell_1880,2
cell_1881,0
cell_1882,1
cell_1883,0
cell_1884,0
cell_1885,0
cell_1886,0
cell_1887,2
cell_1888,0
cell_1889,0
cell_1890,0
cell_1891,2
cell_1892,0
cell_1893,0
cell_1894,0
cell_1895,2
cell_1896,1
cell_1897,0
cell_1898,0
cell_1899,0
cell_1900,0
cell_1901,1
cell_1902,1
cell_1903,0
cell_1904,1
cell_1905,1
cell_1906,1
cell_1907,1
cell_1908,0
cell_1909,1
cell_1910,2
cell_1911,1
cell_1912,1
cell_1913,2
cell_1914,0
cell_1915,1
cell_1916,0
cell_1917,1
cell_1918,0
cell_1919,0
cell_1920,1
cell_1921,0
cell_1922,2
cell_1923,0
cell_1924,1
cell_1925,0
cell_1926,0
cell_1927,0
cell_1928,0
cell_1929,1
cell_1930,0
cell_1931,2
cell_1932,1
cell_1933,0
cell_1934,0
cell_1935,0
cell_1936,0
cell_1937,2
cell_1938,1
cell_1939,0
cell_1940,1
cell_1941,0
cell_1942,0
cell_1943,0
cell_1944,0
cell_1945,0
cell_1946,1
cell_1947,1
cell_1948,0
cell_1949,0
cell_1950,1
cell_1951,0
cell_1952,0
cell_1953,0
cell_1954,0
cell_1955,1
cell_1956,2
cell_1957,0
cell_1958,1
cell_1959,2
cell_1960,0
cell_1961,0
cell_1962,0
cell_1963,0
cell_1964,3
cell_1965,0
cell_1966,0
cell_1967,0
cell_1968,1
cell_1969,0
cell_1970,0
cell_1971,0
cell_1972,0
cell_1973,1
cell_1974,2
cell_1975,0
cell_1976,2
cell_1977,0
cell_1978,1
cell_1979,1
cell_1980,0
cell_1981,1
cell_1982,0
cell_1983,0
cell_1984,0
cell_1985,3
cell_1986,2
cell_1987,0
cell_1988,2
cell_1989,0
cell_1990,0
cell_1991,0
cell_1992,0
cell_1993,1
cell_1994,2
cell_1995,1
cell_1996,0
cell_1997,2
cell_1998,0
cell_1999,1
cell_2000,2
cell_2001,1
cell_2002,1
cell_2003,0
cell_2004,1
cell_2005,1
cell_2006,1
cell_2007,1
cell_2008,1
cell_2009,0
cell_2010,0
cell_2011,0
cell_2012,2
cell_2013,0
cell_2014,0
cell_2015,0
cell_2016,0
cell_2017,0
cell_2018,0
cell_2019,0
cell_2020,1
cell_2021,0
cell_2022,2
cell_2023,0
cell_2024,1
cell_2025,0
cell_2026,1
cell_2027,0
cell_2028,1
cell_2029,0
cell_2030,0
cell_2031,0
cell_2032,3
cell_2033,0
cell_2034,0
cell_2035,0
cell_2036,2
cell_2037,0
cell_2038,2
cell_2039,0
cell_2040,1
cell_2041,2
cell_2042,0
cell_2043,1
cell_2044,1
cell_2045,1
cell_2046,1
cell_2047,0
cell_2048,0
cell_2049,1
cell_2050,0
cell_2051,1
cell_2052,1
cell_2053,0
cell_2054,1
cell_2055,0
cell_2056,2
cell_2057,1
cell_2058,1
cell_2059,1
cell_2060,0
cell_2061,0
cell_2062,1
cell_2063,0
cell_2064,0
cell_2065,0
cell_2066,1
cell_2067,3
cell_2068,0
cell_2069,0
cell_2070,0
cell_2071,2
cell_2072,0
cell_2073,0
cell_2074,1
cell_2075,0
cell_2076,3
cell_2077,0
cell_2078,0
cell_2079,0
cell_2080,0
cell_2081,2
cell_2082,0
cell_2083,1
cell_2084,0
cell_2085,0
cell_2086,0
cell_2087,0
cell_2088,1
cell_2089,0
cell_2090,1
cell_2091,0
cell_2092,0
cell_2093,2
cell_2094,3
cell_2095,2
cell_2096,0
cell_2097,0
cell_2098,3
cell_2099,0
cell_2100,0
cell_2101,1
cell_2102,0
cell_2103,0
cell_2104,2
cell_2105,0
cell_2106,0
cell_2107,1
cell_2108,0
cell_2109,3
cell_2110,0
cell_2111,2
cell_2112,1
cell_2113,0
cell_2114,2
cell_2115,1
cell_2116,2
cell_2117,0
cell_2118,2
cell_2119,0
cell_2120,0
cell_2121,0
cell_2122,0
cell_2123,0
cell_2124,0
cell_2125,3
cell_2126,0
cell_2127,0
cell_2128,2
cell_2129,1
cell_2130,2
cell_2131,1
cell_2132,1
cell_2133,2
cell_2134,0
cell_2135,0
cell_2136,1
cell_2137,2
cell_2138,0
cell_2139,0
cell_2140,1
cell_2141,1
cell_2142,0
cell_2143,2
cell_2144,0
cell_2145,0
cell_2146,0
cell_2147,0
cell_2148,2
cell_2149,0
cell_2150,0
cell_2151,3
cell_2152,1
cell_2153,0
cell_2154,0
cell_2155,1
cell_2156,0
cell_2157,0
cell_2158,1
cell_2159,0
cell_2160,0
cell_2161,2
cell_2162,2
cell_2163,1
cell_2164,0
cell_2165,0
cell_2166,0
cell_2167,0
cell_2168,0
cell_2169,0
cell_2170,0
cell_2171,1
cell_2172,0
cell_2173,1
cell_2174,0
cell_2175,2
cell_2176,2
cell_2177,0
cell_2178,0
cell_2179,0
cell_2180,0
cell_2181,0
cell_2182,1
cell_2183,1
cell_2184,1
cell_2185,1
cell_2186,0
cell_2187,2
cell_2188,2
cell_2189,0
cell_2190,3
cell_2191,0
cell_2192,1
cell_2193,0
cell_2194,0
cell_2195,1
cell_2196,0
cell_2197,2
cell_2198,0
cell_2199,2
cell_2200,0
cell_2201,0
cell_2202,1
cell_2203,1
cell_2204,0
cell_2205,1
cell_2206,0
cell_2207,1
cell_2208,2
cell_2209,1
cell_2210,0
cell_2211,2
cell_2212,1
cell_2213,1
cell_2214,2
cell_2215,0
cell_2216,1
cell_2217,0
cell_2218,1
cell_2219,0
cell_2220,2
cell_2221,1
cell_2222,1
cell_2223,3
cell_2224,1
cell_2225,0
cell_2226,0
cell_2227,0
cell_2228,0
cell_2229,1
cell_2230,0
cell_2231,1
cell_2232,1
cell_2233,0
cell_2234,0
cell_2235,1
cell_2236,0
cell_2237,0
cell_2238,1
cell_2239,0
cell_2240,0
cell_2241,0
cell_2242,0
cell_2243,0
cell_2244,0
cell_2245,0
cell_2246,0
cell_2247,1
cell_2248,0
cell_2249,1
cell_2250,0
cell_2251,2
cell_2252,1
cell_2253,3
cell_2254,2
cell_2255,0
cell_2256,2
cell_2257,0
cell_2258,0
cell_2259,2
cell_2260,1
cell_2261,2
cell_2262,2
cell_2263,0
cell_2264,0
cell_2265,1
cell_2266,1
cell_2267,1
cell_2268,0
cell_2269,3
cell_2270,2
cell_2271,0
cell_2272,2
cell_2273,1
cell_2274,1
cell_2275,0
cell_2276,0
cell_2277,1
cell_2278,2
cell_2279,1
cell_2280,2
cell_2281,0
cell_2282,0
cell_2283,1
cell_2284,0
cell_2285,0
cell_2286,0
cell_2287,1
cell_2288,0
cell_2289,0
cell_2290,0
cell_2291,2
cell_2292,0
cell_2293,2
cell_2294,0
cell_2295,2
cell_2296,0
cell_2297,1
cell_2298,3
cell_2299,1
cell_2300,1
cell_2301,0
cell_2302,0
cell_2303,1
cell_2304,2
cell_2305,0
cell_2306,0
cell_2307,1
cell_2308,1
cell_2309,0
cell_2310,2
cell_2311,0
cell_2312,0
cell_2313,1
cell_2314,0
cell_2315,0
cell_2316,0
cell_2317,0
cell_2318,2
cell_2319,1
cell_2320,0
cell_2321,0
cell_2322,0
cell_2323,1
cell_2324,3
cell_2325,2
cell_2326,1
cell_2327,0
cell_2328,0
cell_2329,0
cell_2330,0
cell_2331,0
cell_2332,2
cell_2333,0
cell_2334,2
cell_2335,2
cell_2336,0
cell_2337,1
cell_2338,2
cell_2339,0
cell_2340,1
cell_2341,1
cell_2342,1
cell_2343,1
cell_2344,0
cell_2345,0
cell_2346,0
cell_2347,1
cell_2348,2
cell_2349,0
cell_2350,0
cell_2351,1
cell_2352,1
cell_2353,1
cell_2354,0
cell_2355,2
cell_2356,0
cell_2357,0
cell_2358,0
cell_2359,1
cell_2360,0
cell_2361,1
cell_2362,1
cell_2363,1
cell_2364,3
cell_2365,2
cell_2366,0
cell_2367,2
cell_2368,0
cell_2369,1
cell_2370,1
cell_2371,1
cell_2372,0
cell_2373,0
cell_2374,1
cell_2375,1
cell_2376,1
cell_2377,1
cell_2378,0
cell_2379,2
cell_2380,3
cell_2381,1
cell_2382,0
cell_2383,2
cell_2384,0
cell_2385,0
cell_2386,3
cell_2387,0
cell_2388,1
cell_2389,0
cell_2390,0
cell_2391,2
cell_2392,0
cell_2393,2
cell_2394,0
cell_2395,0
cell_2396,0
cell_2397,0
cell_2398,0
cell_2399,0
cell_2400,3
cell_2401,0
cell_2402,0
cell_2403,1
cell_2404,1
cell_2405,0
cell_2406,0
cell_2407,0
cell_2408,2
cell_2409,1
cell_2410,0
cell_2411,0
cell_2412,0
cell_2413,0
cell_2414,0
cell_2415,0
cell_2416,0
cell_2417,1
cell_2418,0
cell_2419,0
cell_2420,0
cell_2421,0
cell_2422,2
cell_2423,3
cell_2424,1
cell_2425,0
cell_2426,0
cell_2427,0
cell_2428,0
cell_2429,1
cell_2430,2
cell_2431,3
cell_2432,2
cell_2433,0
cell_2434,1
cell_2435,1
cell_2436,0
cell_2437,2
cell_2438,2
cell_2439,0
cell_2440,0
cell_2441,0
cell_2442,0
cell_2443,2
cell_2444,2
cell_2445,2
cell_2446,0
cell_2447,1
cell_2448,1
cell_2449,0
cell_2450,2
cell_2451,2
cell_2452,0
cell_2453,2
cell_2454,0
cell_2455,1
cell_2456,3
cell_2457,0
cell_2458,0
cell_2459,1
cell_2460,2
cell_2461,0
cell_2462,1
cell_2463,2
cell_2464,3
cell_2465,0
cell_2466,0
cell_2467,0
cell_2468,1
cell_2469,0
cell_2470,2
cell_2471,1
cell_2472,0
cell_2473,0
cell_2474,0
cell_2475,3
cell_2476,3
cell_2477,1
cell_2478,0
cell_2479,1
cell_2480,2
cell_2481,1
cell_2482,0
cell_2483,0
cell_2484,0
cell_2485,2
cell_2486,0
cell_2487,2
cell_2488,0
cell_2489,0
cell_2490,1
cell_2491,0
cell_2492,2
cell_2493,0
cell_2494,1
cell_2495,1
cell_2496,2
cell_2497,1
cell_2498,1
cell_2499,1
cell_2500,1
cell_2501,0
cell_2502,1
cell_2503,0
cell_2504,1
cell_2505,1
cell_2506,0
cell_2507,1
cell_2508,0
cell_2509,2
cell_2510,0
cell_2511,0
cell_2512,0
cell_2513,1
cell_2514,1
cell_2515,0
cell_2516,0
cell_2517,0
cell_2518,2
cell_2519,0
cell_2520,0
cell_2521,2
cell_2522,0
cell_2523,0
cell_2524,0
cell_2525,1
cell_2526,0
cell_2527,0
cell_2528,2
cell_2529,2
cell_2530,2
cell_2531,0
cell_2532,1
cell_2533,0
cell_2534,0
cell_2535,2
cell_2536,2
cell_2537,0
cell_2538,1
cell_2539,2
cell_2540,0
cell_2541,0
cell_2542,0
cell_2543,2
cell_2544,2
cell_2545,0
cell_2546,0
cell_2547,0
cell_2548,1
cell_2549,0
cell_2550,0
cell_2551,0
cell_2552,1
cell_2553,1
cell_2554,1
cell_2555,1
cell_2556,2
cell_2557,2
cell_2558,2
cell_2559,0
cell_2560,0
cell_2561,3
cell_2562,0
cell_2563,0
cell_2564,1
cell_2565,0
cell_2566,0
cell_2567,0
cell_2568,0
cell_2569,0
cell_2570,0
cell_2571,3
cell_2572,2
cell_2573,0
cell_2574,1
cell_2575,2
cell_2576,0
cell_2577,0
cell_2578,0
cell_2579,0
cell_2580,2
cell_2581,0
cell_2582,1
cell_2583,0
cell_2584,3
cell_2585,0
cell_2586,0
cell_2587,1
cell_2588,0
cell_2589,2
cell_2590,2
cell_2591,0
cell_2592,1
cell_2593,0
cell_2594,0
cell_2595,1
cell_2596,1
cell_2597,0
cell_2598,0
cell_2599,1
cell_2600,0
cell_2601,0
cell_2602,2
cell_2603,1
cell_2604,0
cell_2605,0
cell_2606,1
cell_2607,0
cell_2608,1
cell_2609,3
cell_2610,0
cell_2611,1
cell_2612,2
cell_2613,1
cell_2614,0
cell_2615,0
cell_2616,0
cell_2617,0
cell_2618,0
cell_2619,0
cell_2620,0
cell_2621,0
cell_2622,0
cell_2623,1
cell_2624,0
cell_2625,0
cell_2626,0
cell_2627,0
cell_2628,1
cell_2629,0
cell_2630,0
cell_2631,1
cell_2632,2
cell_2633,0
cell_2634,1
cell_2635,0
cell_2636,0
cell_2637,1
cell_2638,0
cell_2639,0
cell_2640,1
cell_2641,2
cell_2642,0
cell_2643,2
cell_2644,0
cell_2645,0
cell_2646,1
cell_2647,0
cell_2648,2
cell_2649,0
cell_2650,0
cell_2651,0
cell_2652,0
cell_2653,1
cell_2654,0
cell_2655,0
cell_2656,0
cell_2657,0
cell_2658,0
cell_2659,1
cell_2660,0
cell_2661,1
cell_2662,0
cell_2663,1
cell_2664,0
cell_2665,1
cell_2666,0
cell_2667,2
cell_2668,0
cell_2669,0
cell_2670,1
cell_2671,1
cell_2672,0
cell_2673,0
cell_2674,1
cell_2675,0
cell_2676,1
cell_2677,2
cell_2678,0
cell_2679,0
cell_2680,0
cell_2681,2
cell_2682,0
cell_2683,0
cell_2684,0
cell_2685,0
cell_2686,1
cell_2687,0
cell_2688,0
cell_2689,0
cell_2690,0
cell_2691,0
cell_2692,1
cell_2693,1
cell_2694,2
cell_2695,0
cell_2696,0
cell_2697,0
cell_2698,0
cell_2699,1
cell_2700,1
cell_2701,1
cell_2702,1
cell_2703,0
cell_2704,2
cell_2705,0
cell_2706,0
cell_2707,1
cell_2708,0
cell_2709,1
cell_2710,0
cell_2711,1
cell_2712,0
cell_2713,2
cell_2714,0
cell_2715,0
cell_2716,0
cell_2717,0
cell_2718,0
cell_2719,0
cell_2720,1
cell_2721,1
cell_2722,0
cell_2723,3
cell_2724,1
cell_2725,1
cell_2726,1
cell_2727,0
cell_2728,2
cell_2729,1
cell_2730,0
cell_2731,2
cell_2732,2
cell_2733,0
cell_2734,0
cell_2735,0
cell_2736,2
cell_2737,0
cell_2738,0
cell_2739,3
cell_2740,0
cell_2741,0
cell_2742,2
cell_2743,0
cell_2744,1
cell_2745,3
cell_2746,2
cell_2747,1
cell_2748,0
cell_2749,2
cell_2750,0
cell_2751,0
cell_2752,1
cell_2753,0
cell_2754,1
cell_2755,0
cell_2756,0
cell_2757,0
cell_2758,1
cell_2759,1
cell_2760,0
cell_2761,0
cell_2762,2
cell_2763,2
cell_2764,3
cell_2765,3
cell_2766,2
cell_2767,2
cell_2768,0
cell_2769,0
cell_2770,0
cell_2771,3
cell_2772,0
cell_2773,0
cell_2774,0
cell_2775,3
cell_2776,1
cell_2777,0
cell_2778,0
cell_2779,3
cell_2780,0
cell_2781,0
cell_2782,0
cell_2783,1
cell_2784,0
cell_2785,0
cell_2786,0
cell_2787,0
cell_2788,1
cell_2789,0
cell_2790,0
cell_2791,0
cell_2792,0
cell_2793,2
cell_2794,0
cell_2795,1
cell_2796,2
cell_2797,1
cell_2798,1
cell_2799,2
cell_2800,0
cell_2801,3
cell_2802,2
cell_2803,1
cell_2804,2
cell_2805,0
cell_2806,0
cell_2807,0
cell_2808,2
cell_2809,1
cell_2810,1
cell_2811,2
cell_2812,0
cell_2813,1
cell_2814,1
cell_2815,1
cell_2816,0
cell_2817,2
cell_2818,2
cell_2819,0
cell_2820,1
cell_2821,1
cell_2822,2
cell_2823,1
cell_2824,0
cell_2825,0
cell_2826,0
cell_2827,0
cell_2828,2
cell_2829,0
cell_2830,0
cell_2831,1
cell_2832,1
cell_2833,1
cell_2834,0
cell_2835,0
cell_2836,0
cell_2837,2
cell_2838,1
cell_2839,1
cell_2840,1
cell_2841,2
cell_2842,0
cell_2843,3
cell_2844,0
cell_2845,0
cell_2846,0
cell_2847,2
cell_2848,0
cell_2849,2
cell_2850,1
cell_2851,0
cell_2852,1
cell_2853,1
cell_2854,1
cell_2855,2
cell_2856,1
cell_2857,0
cell_2858,0
cell_2859,0
cell_2860,0
cell_2861,2
cell_2862,0
cell_2863,1
cell_2864,0
cell_2865,1
cell_2866,1
cell_2867,1
cell_2868,0
cell_2869,2
cell_2870,1
cell_2871,2
cell_2872,2
cell_2873,3
cell_2874,0
cell_2875,0
cell_2876,1
cell_2877,1
cell_2878,1
cell_2879,0
cell_2880,3
cell_2881,1
cell_2882,2
cell_2883,0
cell_2884,3
cell_2885,0
cell_2886,0
cell_2887,0
cell_2888,0
cell_2889,1
cell_2890,1
cell_2891,0
cell_2892,1
cell_2893,0
cell_2894,1
cell_2895,1
cell_2896,0
cell_2897,0
cell_2898,0
cell_2899,1
cell_2900,0
cell_2901,1
cell_2902,0
cell_2903,0
cell_2904,3
cell_2905,2
cell_2906,0
cell_2907,0
cell_2908,0
cell_2909,0
cell_2910,1
cell_2911,2
cell_2912,1
cell_2913,0
cell_2914,0
cell_2915,2
cell_2916,0
cell_2917,0
cell_2918,2
cell_2919,0
cell_2920,0
cell_2921,0
cell_2922,2
cell_2923,3
cell_2924,2
cell_2925,1
cell_2926,0
cell_2927,0
cell_2928,1
cell_2929,0
cell_2930,2
cell_2931,0
cell_2932,0
cell_2933,0
cell_2934,0
cell_2935,1
cell_2936,0
cell_2937,0
cell_2938,0
cell_2939,0
cell_2940,2
cell_2941,1
cell_2942,0
cell_2943,0
cell_2944,2
cell_2945,1
cell_2946,2
cell_2947,1
cell_2948,0
cell_2949,1
cell_2950,3
cell_2951,0
cell_2952,0
cell_2953,1
cell_2954,0
cell_2955,0
cell_2956,0
cell_2957,1
cell_2958,2
cell_2959,2
cell_2960,1
cell_2961,0
cell_2962,1
cell_2963,0
cell_2964,1
cell_2965,0
cell_2966,0
cell_2967,0
cell_2968,0
cell_2969,0
cell_2970,0
cell_2971,1
cell_2972,0
cell_2973,0
cell_2974,0
cell_2975,1
cell_2976,0
cell_2977,1
cell_2978,0
cell_2979,0
cell_2980,0
cell_2981,1
cell_2982,0
cell_2983,2
cell_2984,0
cell_2985,0
cell_2986,1
cell_2987,0
cell_2988,0
cell_2989,0
cell_2990,1
cell_2991,0
cell_2992,1
cell_2993,1
cell_2994,0
cell_2995,1
cell_2996,1
cell_2997,0
cell_2998,1
cell_2999,0
cell_3000,0
cell_3001,0
cell_3002,1
cell_3003,0
cell_3004,1
cell_3005,1
cell_3006,0
cell_3007,2
cell_3008,1
cell_3009,2
cell_3010,0
cell_3011,0
cell_3012,1
cell_3013,0
cell_3014,0
cell_3015,2
cell_3016,2
cell_3017,0
cell_3018,0
cell_3019,0
cell_3020,2
cell_3021,1
cell_3022,0
cell_3023,2
cell_3024,0
cell_3025,1
cell_3026,0
cell_3027,0
cell_3028,1
cell_3029,1
cell_3030,1
cell_3031,0
cell_3032,2
cell_3033,1
cell_3034,2
cell_3035,0
cell_3036,0
cell_3037,0
cell_3038,0
cell_3039,3
cell_3040,1
cell_3041,0
cell_3042,0
cell_3043,1
cell_3044,0
cell_3045,0
cell_3046,1
cell_3047,0
cell_3048,1
cell_3049,1
cell_3050,0
cell_3051,1
cell_3052,0
cell_3053,1
cell_3054,0
cell_3055,2
cell_3056,0
cell_3057,0
cell_3058,1
cell_3059,3
cell_3060,0
cell_3061,1
cell_3062,0
cell_3063,3
cell_3064,0
cell_3065,0
cell_3066,1
cell_3067,0
cell_3068,3
cell_3069,1
cell_3070,0
cell_3071,2
cell_3072,0
cell_3073,1
cell_3074,1
cell_3075,0
cell_3076,0
cell_3077,0
cell_3078,0
cell_3079,0
cell_3080,0
cell_3081,1
cell_3082,1
cell_3083,0
cell_3084,0
cell_3085,1
cell_3086,1
cell_3087,0
cell_3088,0
cell_3089,0
cell_3090,0
cell_3091,1
cell_3092,1
cell_3093,0
cell_3094,0
cell_3095,0
cell_3096,0
cell_3097,1
cell_3098,0
cell_3099,0
cell_3100,0
cell_3101,1
cell_3102,1
cell_3103,0
cell_3104,0
cell_3105,0
cell_3106,0
cell_3107,0
cell_3108,1
cell_3109,0
cell_3110,1
cell_3111,0
cell_3112,1
cell_3113,1
cell_3114,0
cell_3115,0
cell_3116,1
cell_3117,0
cell_3118,2
cell_3119,0
cell_3120,0
cell_3121,2
cell_3122,2
cell_3123,0
cell_3124,1
cell_3125,1
cell_3126,0
cell_3127,1
cell_3128,0
cell_3129,0
cell_3130,0
cell_3131,0
cell_3132,3
cell_3133,1
cell_3134,1
cell_3135,0
cell_3136,0
cell_3137,0
cell_3138,0
cell_3139,0
cell_3140,0
cell_3141,1
cell_3142,0
cell_3143,0
cell_3144,1
cell_3145,0
cell_3146,1
cell_3147,0
cell_3148,1
cell_3149,1
cell_3150,1
cell_3151,0
cell_3152,0
cell_3153,1
cell_3154,1
cell_3155,0
cell_3156,2
cell_3157,1
cell_3158,0
cell_3159,3
cell_3160,0
cell_3161,1
cell_3162,1
cell_3163,1
cell_3164,2
cell_3165,0
cell_3166,0
cell_3167,2
cell_3168,0
cell_3169,2
cell_3170,0
cell_3171,2
cell_3172,2
cell_3173,0
cell_3174,1
cell_3175,3
cell_3176,0
cell_3177,2
cell_3178,2
cell_3179,1
cell_3180,2
cell_3181,0
cell_3182,2
cell_3183,0
cell_3184,1
cell_3185,0
cell_3186,0
cell_3187,1
cell_3188,0
cell_3189,0
cell_3190,1
cell_3191,0
cell_3192,0
cell_3193,0
cell_3194,0
cell_3195,1
cell_3196,0
cell_3197,0
cell_3198,2
cell_3199,0
cell_3200,0
cell_3201,0
cell_3202,1
cell_3203,1
cell_3204,0
cell_3205,1
cell_3206,2
cell_3207,3
cell_3208,0
cell_3209,1
cell_3210,0
cell_3211,1
cell_3212,0
cell_3213,0
cell_3214,1
cell_3215,1
cell_3216,0
cell_3217,0
cell_3218,0
cell_3219,1
cell_3220,0
cell_3221,1
cell_3222,3
cell_3223,2
cell_3224,0
cell_3225,2
cell_3226,2
cell_3227,3
cell_3228,0
cell_3229,0
cell_3230,0
cell_3231,1
cell_3232,1
cell_3233,0
cell_3234,0
cell_3235,2
cell_3236,1
cell_3237,0
cell_3238,0
cell_3239,1
cell_3240,0
cell_3241,0
cell_3242,0
cell_3243,0
cell_3244,1
cell_3245,0
cell_3246,1
cell_3247,0
cell_3248,0
cell_3249,0
cell_3250,2
cell_3251,0
cell_3252,0
cell_3253,3
cell_3254,2
cell_3255,0
cell_3256,2
cell_3257,0
cell_3258,0
cell_3259,1
cell_3260,2
cell_3261,0
cell_3262,3
cell_3263,1
cell_3264,2
cell_3265,0
cell_3266,2
cell_3267,1
cell_3268,2
cell_3269,1
cell_3270,0
cell_3271,0
cell_3272,0
cell_3273,0
cell_3274,0
cell_3275,2
cell_3276,2
cell_3277,1
cell_3278,0
cell_3279,1
cell_3280,2
cell_3281,0
cell_3282,2
cell_3283,1
cell_3284,1
cell_3285,0
cell_3286,0
cell_3287,0
cell_3288,0
cell_3289,0
cell_3290,0
cell_3291,2
cell_3292,0
cell_3293,2
cell_3294,0
cell_3295,2
cell_3296,2
cell_3297,1
cell_3298,0
cell_3299,1
cell_3300,1
cell_3301,1
cell_3302,0
cell_3303,0
cell_3304,0
cell_3305,2
cell_3306,0
cell_3307,1
cell_3308,0
cell_3309,0
cell_3310,1
cell_3311,0
cell_3312,0
cell_3313,2
cell_3314,2
cell_3315,0
cell_3316,0
cell_3317,1
cell_3318,0
cell_3319,1
cell_3320,2
cell_3321,3
cell_3322,0
cell_3323,0
cell_3324,0
cell_3325,0
cell_3326,0
cell_3327,0
cell_3328,1
cell_3329,0
cell_3330,0
cell_3331,0
cell_3332,0
cell_3333,1
cell_3334,0
cell_3335,0
cell_3336,2
cell_3337,0
cell_3338,0
cell_3339,0
cell_3340,0
cell_3341,0
cell_3342,0
cell_3343,0
cell_3344,0
cell_3345,0
cell_3346,1
cell_3347,1
cell_3348,1
cell_3349,0
cell_3350,0
cell_3351,0
cell_3352,1
cell_3353,0
cell_3354,0
cell_3355,0
cell_3356,0
cell_3357,0
cell_3358,2
cell_3359,0
cell_3360,0
cell_3361,0
cell_3362,0
cell_3363,0
cell_3364,0
cell_3365,0
cell_3366,0
cell_3367,0
cell_3368,0
cell_3369,1
cell_3370,2
cell_3371,2
cell_3372,0
cell_3373,2
cell_3374,0
cell_3375,0
cell_3376,1
cell_3377,2
cell_3378,3
cell_3379,0
cell_3380,0
cell_3381,0
cell_3382,0
cell_3383,2
cell_3384,1
cell_3385,2
cell_3386,2
cell_3387,0
cell_3388,0
cell_3389,0
cell_3390,0
cell_3391,3
cell_3392,1
cell_3393,0
cell_3394,1
cell_3395,0
cell_3396,0
cell_3397,0
cell_3398,1
cell_3399,1
cell_3400,0
cell_3401,1
cell_3402,0
cell_3403,2
cell_3404,1
cell_3405,3
cell_3406,0
cell_3407,2
cell_3408,1
cell_3409,0
cell_3410,2
cell_3411,0
cell_3412,1
cell_3413,0
cell_3414,1
cell_3415,0
cell_3416,0
cell_3417,0
cell_3418,0
cell_3419,0
cell_3420,0
cell_3421,0
cell_3422,0
cell_3423,1
cell_3424,0
cell_3425,0
cell_3426,1
cell_3427,0
cell_3428,0
cell_3429,0
cell_3430,0
cell_3431,2
cell_3432,0
cell_3433,0
cell_3434,1
cell_3435,1
cell_3436,1
cell_3437,3
cell_3438,0
cell_3439,1
cell_3440,0
cell_3441,1
cell_3442,0
cell_3443,0
cell_3444,0
cell_3445,1
cell_3446,0
cell_3447,1
cell_3448,1
cell_3449,1
cell_3450,0
cell_3451,2
cell_3452,2
cell_3453,0
cell_3454,0
cell_3455,0
cell_3456,0
cell_3457,1
cell_3458,0
cell_3459,0
cell_3460,0
cell_3461,1
cell_3462,1
cell_3463,0
cell_3464,0
cell_3465,1
cell_3466,1
cell_3467,1
cell_3468,0
cell_3469,0
cell_3470,2
cell_3471,0
cell_3472,0
cell_3473,0
cell_3474,2
cell_3475,1
cell_3476,1
cell_3477,0
cell_3478,1
cell_3479,0
cell_3480,0
cell_3481,0
cell_3482,1
cell_3483,2
cell_3484,2
cell_3485,1
cell_3486,1
cell_3487,1
cell_3488,1
cell_3489,0
cell_3490,0
cell_3491,0
cell_3492,2
cell_3493,2
cell_3494,0
cell_3495,1
cell_3496,0
cell_3497,0
cell_3498,1
cell_3499,2
cell_3500,0
cell_3501,1
cell_3502,0
cell_3503,0
cell_3504,1
cell_3505,0
cell_3506,0
cell_3507,1
cell_3508,2
cell_3509,0
cell_3510,0
cell_3511,2
cell_3512,0
cell_3513,0
cell_3514,1
cell_3515,1
cell_3516,0
cell_3517,0
cell_3518,1
cell_3519,1
cell_3520,0
cell_3521,0
cell_3522,0
cell_3523,0
cell_3524,1
cell_3525,1
cell_3526,0
cell_3527,1
cell_3528,0
cell_3529,0
cell_3530,0
cell_3531,0
cell_3532,0
cell_3533,0
cell_3534,0
cell_3535,0
cell_3536,1
cell_3537,0
cell_3538,0
cell_3539,0
cell_3540,1
cell_3541,1
cell_3542,1
cell_3543,2
cell_3544,0
cell_3545,2
cell_3546,0
cell_3547,0
cell_3548,0
cell_3549,1
cell_3550,0
cell_3551,1
cell_3552,1
cell_3553,3
cell_3554,1
cell_3555,0
cell_3556,0
cell_3557,0
cell_3558,0
cell_3559,0
cell_3560,2
cell_3561,0
cell_3562,2
cell_3563,2
cell_3564,1
cell_3565,0
cell_3566,0
cell_3567,0
cell_3568,2
cell_3569,1
cell_3570,0
cell_3571,0
cell_3572,0
cell_3573,0
cell_3574,1
cell_3575,1
cell_3576,1
cell_3577,2
cell_3578,1
cell_3579,2
cell_3580,0
cell_3581,0
cell_3582,0
cell_3583,2
cell_3584,0
cell_3585,0
cell_3586,0
cell_3587,1
cell_3588,0
cell_3589,0
cell_3590,2
cell_3591,0
cell_3592,0
cell_3593,3
cell_3594,0
cell_3595,0
cell_3596,3
cell_3597,0
cell_3598,0
cell_3599,0
cell_3600,0
cell_3601,3
cell_3602,0
cell_3603,0
cell_3604,2
cell_3605,0
cell_3606,0
cell_3607,0
cell_3608,0
cell_3609,0
cell_3610,0
cell_3611,2
cell_3612,1
cell_3613,1
cell_3614,1
cell_3615,3
cell_3616,0
cell_3617,0
cell_3618,0
cell_3619,0
cell_3620,0
cell_3621,2
cell_3622,0
cell_3623,1
cell_3624,2
cell_3625,0
cell_3626,2
cell_3627,0
cell_3628,0
cell_3629,2
cell_3630,0
cell_3631,0
cell_3632,0
cell_3633,1
cell_3634,0
cell_3635,0
cell_3636,1
cell_3637,0
cell_3638,0
cell_3639,0
cell_3640,1
cell_3641,0
cell_3642,1
cell_3643,1
cell_3644,1
cell_3645,2
cell_3646,2
cell_3647,0
cell_3648,2
cell_3649,0
cell_3650,1
cell_3651,0
cell_3652,1
cell_3653,1
cell_3654,0
cell_3655,0
cell_3656,0
cell_3657,0
cell_3658,1
cell_3659,0
cell_3660,0
cell_3661,0
cell_3662,1
cell_3663,0
cell_3664,0
cell_3665,0
cell_3666,1
cell_3667,0
cell_3668,2
cell_3669,2
cell_3670,2
cell_3671,0
cell_3672,1
cell_3673,1
cell_3674,0
cell_3675,0
cell_3676,0
cell_3677,0
cell_3678,1
cell_3679,1
cell_3680,0
cell_3681,1
cell_3682,1
cell_3683,1
cell_3684,0
cell_3685,0
cell_3686,0
cell_3687,1
cell_3688,0
cell_3689,0
cell_3690,0
cell_3691,0
cell_3692,0
cell_3693,0
cell_3694,0
cell_3695,0
cell_3696,0
cell_3697,0
cell_3698,3
cell_3699,1
cell_3700,1
cell_3701,0
cell_3702,1
cell_3703,3
cell_3704,0
cell_3705,0
cell_3706,0
cell_3707,0
cell_3708,0
cell_3709,0
cell_3710,0
cell_3711,1
cell_3712,2
cell_3713,0
cell_3714,0
cell_3715,3
cell_3716,0
cell_3717,2
cell_3718,1
cell_3719,0
cell_3720,0
cell_3721,2
cell_3722,1
cell_3723,0
cell_3724,1
cell_3725,0
cell_3726,0
cell_3727,0
cell_3728,0
cell_3729,2
cell_3730,2
cell_3731,3
cell_3732,0
cell_3733,1
cell_3734,1
cell_3735,1
cell_3736,0
cell_3737,0
cell_3738,0
cell_3739,2
cell_3740,2
cell_3741,1
cell_3742,2
cell_3743,0
cell_3744,0
cell_3745,0
cell_3746,0
cell_3747,0
cell_3748,0
cell_3749,1
cell_3750,0
cell_3751,0
cell_3752,2
cell_3753,2
cell_3754,0
cell_3755,2
cell_3756,0
cell_3757,0
cell_3758,0
cell_3759,1
cell_3760,0
cell_3761,0
cell_3762,1
cell_3763,0
cell_3764,0
cell_3765,0
cell_3766,0
cell_3767,1
cell_3768,1
cell_3769,0
cell_3770,0
cell_3771,2
cell_3772,0
cell_3773,0
cell_3774,2
cell_3775,1
cell_3776,1
cell_3777,0
cell_3778,0
cell_3779,3
cell_3780,3
cell_3781,0
cell_3782,1
cell_3783,1
cell_3784,0
cell_3785,0
cell_3786,1
cell_3787,0
cell_3788,0
cell_3789,0
cell_3790,0
cell_3791,0
cell_3792,1
cell_3793,0
cell_3794,0
cell_3795,2
cell_3796,1
cell_3797,3
cell_3798,0
cell_3799,0
cell_3800,0
cell_3801,1
cell_3802,0
cell_3803,1
cell_3804,3
cell_3805,3
cell_3806,0
cell_3807,3
cell_3808,0
cell_3809,0
cell_3810,0
cell_3811,0
cell_3812,1
cell_3813,0
cell_3814,0
cell_3815,0
cell_3816,0
cell_3817,1
cell_3818,1
cell_3819,1
cell_3820,0
cell_3821,1
cell_3822,0
cell_3823,0
cell_3824,1
cell_3825,0
cell_3826,1
cell_3827,0
cell_3828,2
cell_3829,3
cell_3830,1
cell_3831,0
cell_3832,0
cell_3833,0
cell_3834,1
cell_3835,2
cell_3836,3
cell_3837,0
cell_3838,1
cell_3839,1
cell_3840,0
cell_3841,1
cell_3842,0
cell_3843,1
cell_3844,1
cell_3845,3
cell_3846,0
cell_3847,0
cell_3848,2
cell_3849,1
cell_3850,2
cell_3851,0
cell_3852,1
cell_3853,1
cell_3854,2
cell_3855,0
cell_3856,1
cell_3857,0
cell_3858,2
cell_3859,3
cell_3860,0
cell_3861,0
cell_3862,1
cell_3863,0
cell_3864,2
cell_3865,1
cell_3866,0
cell_3867,2
cell_3868,1
cell_3869,0
cell_3870,0
cell_3871,0
cell_3872,0
cell_3873,0
cell_3874,2
cell_3875,1
cell_3876,1
cell_3877,3
cell_3878,2
cell_3879,0
cell_3880,1
cell_3881,1
cell_3882,2
cell_3883,0
cell_3884,0
cell_3885,0
cell_3886,1
cell_3887,1
cell_3888,3
cell_3889,1
cell_3890,1
cell_3891,2
cell_3892,1
cell_3893,1
cell_3894,1
cell_3895,1
cell_3896,0
cell_3897,1
cell_3898,0
cell_3899,0
cell_3900,0
cell_3901,0
cell_3902,0
cell_3903,2
cell_3904,0
cell_3905,1
cell_3906,0
cell_3907,2
cell_3908,1
cell_3909,0
cell_3910,1
cell_3911,0
cell_3912,2
cell_3913,0
cell_3914,0
cell_3915,1
cell_3916,0
cell_3917,0
cell_3918,0
cell_3919,0
cell_3920,1
cell_3921,0
cell_3922,3
cell_3923,0
cell_3924,1
cell_3925,2
cell_3926,0
cell_3927,0
cell_3928,0
cell_3929,2
cell_3930,1
cell_3931,0
cell_3932,0
cell_3933,0
cell_3934,0
cell_3935,3
cell_3936,1
cell_3937,0
cell_3938,1
cell_3939,0
cell_3940,0
cell_3941,2
cell_3942,0
cell_3943,2
cell_3944,0
cell_3945,0
cell_3946,1
cell_3947,1
cell_3948,0
cell_3949,0
cell_3950,0
cell_3951,1
cell_3952,1
cell_3953,0
cell_3954,0
cell_3955,0
cell_3956,1
cell_3957,0
cell_3958,0
cell_3959,0
cell_3960,0
cell_3961,2
cell_3962,0
cell_3963,0
cell_3964,0
cell_3965,3
cell_3966,0
cell_3967,1
cell_3968,0
cell_3969,0
cell_3970,0
cell_3971,2
cell_3972,1
cell_3973,1
cell_3974,0
cell_3975,0
cell_3976,3
cell_3977,1
cell_3978,0
cell_3979,1
cell_3980,1
cell_3981,0
cell_3982,0
cell_3983,1
cell_3984,1
cell_3985,0
cell_3986,0
cell_3987,0
cell_3988,1
cell_3989,1
cell_3990,1
cell_3991,1
cell_3992,1
cell_3993,1
cell_3994,1
cell_3995,0
cell_3996,0
cell_3997,0
cell_3998,0
cell_3999,0
cell_4000,0
cell_4001,0
cell_4002,0
cell_4003,1
cell_4004,0
cell_4005,0
cell_4006,0
cell_4007,1
cell_4008,0
cell_4009,0
cell_4010,0
cell_4011,2
cell_4012,0
cell_4013,1
cell_4014,2
cell_4015,0
cell_4016,0
cell_4017,0
cell_4018,0
cell_4019,1
cell_4020,0
cell_4021,1
cell_4022,0
cell_4023,3
cell_4024,0
cell_4025,1
cell_4026,0
cell_4027,0
cell_4028,0
cell_4029,1
cell_4030,0
cell_4031,1
cell_4032,0
cell_4033,0
cell_4034,0
cell_4035,0
cell_4036,1
cell_4037,1
cell_4038,0
cell_4039,0
cell_4040,0
cell_4041,0
cell_4042,0
cell_4043,1
cell_4044,0
cell_4045,0
cell_4046,1
cell_4047,0
cell_4048,0
cell_4049,0
cell_4050,3
cell_4051,1
cell_4052,0
cell_4053,1
cell_4054,2
cell_4055,1
cell_4056,1
cell_4057,0
cell_4058,0
cell_4059,2
cell_4060,0
cell_4061,0
cell_4062,1
cell_4063,2
cell_4064,0
cell_4065,0
cell_4066,0
cell_4067,1
cell_4068,0
cell_4069,2
cell_4070,0
cell_4071,1
cell_4072,0
cell_4073,2
cell_4074,2
cell_4075,1
cell_4076,0
cell_4077,1
cell_4078,1
cell_4079,1
cell_4080,0
cell_4081,0
cell_4082,1
cell_4083,0
cell_4084,0
cell_4085,3
cell_4086,1
cell_4087,3
cell_4088,2
cell_4089,1
cell_4090,2
cell_4091,0
cell_4092,0
cell_4093,0
cell_4094,1
cell_4095,3
cell_4096,0
cell_4097,2
cell_4098,1
cell_4099,1
cell_4100,1
cell_4101,0
cell_4102,1
cell_4103,0
cell_4104,2
cell_4105,1
cell_4106,0
cell_4107,2
cell_4108,1
cell_4109,0
cell_4110,0
cell_4111,0
cell_4112,1
cell_4113,0
cell_4114,1
cell_4115,1
cell_4116,0
cell_4117,0
cell_4118,1
cell_4119,0
cell_4120,0
cell_4121,0
cell_4122,0
cell_4123,0
cell_4124,0
cell_4125,2
cell_4126,0
cell_4127,0
cell_4128,0
cell_4129,2
cell_4130,0
cell_4131,0
cell_4132,2
cell_4133,1
cell_4134,2
cell_4135,2
cell_4136,0
cell_4137,1
cell_4138,1
cell_4139,1
cell_4140,0
cell_4141,1
cell_4142,2
cell_4143,0
cell_4144,0
cell_4145,0
cell_4146,0
cell_4147,0
cell_4148,0
cell_4149,0
cell_4150,3
cell_4151,0
cell_4152,0
cell_4153,1
cell_4154,1
cell_4155,0
cell_4156,1
cell_4157,0
cell_4158,0
cell_4159,1
cell_4160,1
cell_4161,2
cell_4162,0
cell_4163,0
cell_4164,0
cell_4165,0
cell_4166,0
cell_4167,3
cell_4168,0
cell_4169,2
cell_4170,0
cell_4171,0
cell_4172,1
cell_4173,1
cell_4174,0
cell_4175,1
cell_4176,1
cell_4177,2
cell_4178,0
cell_4179,0
cell_4180,0
cell_4181,2
cell_4182,0
cell_4183,3
cell_4184,0
cell_4185,1
cell_4186,1
cell_4187,0
cell_4188,2
cell_4189,0
cell_4190,0
cell_4191,1
cell_4192,0
cell_4193,0
cell_4194,0
cell_4195,1
cell_4196,2
cell_4197,1
cell_4198,1
cell_4199,1
cell_4200,1
cell_4201,2
cell_4202,0
cell_4203,0
cell_4204,1
cell_4205,0
cell_4206,0
cell_4207,0
cell_4208,1
cell_4209,0
cell_4210,1
cell_4211,1
cell_4212,1
cell_4213,0
cell_4214,1
cell_4215,2
cell_4216,0
cell_4217,0
cell_4218,0
cell_4219,2
cell_4220,2
cell_4221,1
cell_4222,0
cell_4223,2
cell_4224,0
cell_4225,1
cell_4226,0
cell_4227,0
cell_4228,0
cell_4229,3
cell_4230,0
cell_4231,0
cell_4232,0
cell_4233,1
cell_4234,0
cell_4235,0
cell_4236,2
cell_4237,0
cell_4238,0
cell_4239,0
cell_4240,1
cell_4241,2
cell_4242,0
cell_4243,2
cell_4244,0
cell_4245,1
cell_4246,0
cell_4247,3
cell_4248,1
cell_4249,2
cell_4250,0
cell_4251,3
cell_4252,0
cell_4253,0
cell_4254,1
cell_4255,2
cell_4256,2
cell_4257,0
cell_4258,2
cell_4259,2
cell_4260,1
cell_4261,0
cell_4262,0
cell_4263,2
cell_4264,0
cell_4265,0
cell_4266,1
cell_4267,0
cell_4268,1
cell_4269,0
cell_4270,1
cell_4271,2
cell_4272,0
cell_4273,0
cell_4274,2
cell_4275,1
cell_4276,0
cell_4277,1
cell_4278,2
cell_4279,2
cell_4280,0
cell_4281,1
cell_4282,0
cell_4283,0
cell_4284,1
cell_4285,0
cell_4286,2
cell_4287,1
cell_4288,1
cell_4289,0
cell_4290,1
cell_4291,0
cell_4292,1
cell_4293,0
cell_4294,1
cell_4295,0
cell_4296,0
cell_4297,3
cell_4298,0
cell_4299,1
cell_4300,0
cell_4301,0
cell_4302,0
cell_4303,0
cell_4304,0
cell_4305,2
cell_4306,0
cell_4307,1
cell_4308,0
cell_4309,0
cell_4310,0
cell_4311,0
cell_4312,1
cell_4313,0
cell_4314,3
cell_4315,2
cell_4316,1
